nome_inct,coordenador,Identificador,path_gexf,texto,inct_folder,n_pesquisadores,n_feminino,n_masculino,Na,area,identificador_area,path_area_gexf,path_area_gexf_html,path_gexf_html
0,"INCT Alternativas para Detecção, Avaliação Toxicológica e Remoção de Micropoluentes e Radioativos (INCT-DATREM)",Maria Valnice Boldrin Zanoni,1,gexf_fixed/INCT_1_T2_fixed.gexf,"O INCT INCT Alternativas para Detecção, Avaliação Toxicológica e Remoção de Micropoluentes e Radioativos (INCT-DATREM) Lorem Ipsum is simply dummy text of the printing and typesetting industry. Lorem Ipsum has been the industry's standard dummy text ever since the 1500s, when an unknown printer took a galley of type and scrambled it to make a type specimen book. It has survived not only five centuries, but also the leap into electronic typesetting, remaining essentially unchanged. It was popularised in the 1960s with the release of Letraset sheets containing Lorem Ipsum passages, and more recently with desktop publishing software like Aldus PageMaker including versions of Lorem Ipsum.",Alternativas_para_Detecção,162,85,76,1,Ciências Exatas e da Terra,EXATAS,gexf_fixed/INCT_EXATAS_T2_fixed.gexf,gexf_html/cached_INCT_EXATAS_T2_fixed.html,gexf_html/cached_INCT_1_T2_fixed.html
1,INCT Analíticas Avançadas (INCT-AA),Celio Pasquini,2,gexf_fixed/INCT_2_T2_fixed.gexf,"O INCT INCT Analíticas Avançadas (INCT-AA) Lorem Ipsum is simply dummy text of the printing and typesetting industry. Lorem Ipsum has been the industry's standard dummy text ever since the 1500s, when an unknown printer took a galley of type and scrambled it to make a type specimen book. It has survived not only five centuries, but also the leap into electronic typesetting, remaining essentially unchanged. It was popularised in the 1960s with the release of Letraset sheets containing Lorem Ipsum passages, and more recently with desktop publishing software like Aldus PageMaker including versions of Lorem Ipsum.",Analíticas_Avançadas,88,40,46,2,Ciências Exatas e da Terra,EXATAS,gexf_fixed/INCT_EXATAS_T2_fixed.gexf,gexf_html/cached_INCT_EXATAS_T2_fixed.html,gexf_html/cached_INCT_2_T2_fixed.html
2,INCT Ativos Biotecnológicos Aplicados à Seca e Pragas de Culturas Relevantes ao Agronegócio,Maria Fatima Grossi de Sa,3,gexf_fixed/INCT_3_T2_fixed.gexf,"O INCT INCT Ativos Biotecnológicos Aplicados à Seca e Pragas de Culturas Relevantes ao Agronegócio Lorem Ipsum is simply dummy text of the printing and typesetting industry. Lorem Ipsum has been the industry's standard dummy text ever since the 1500s, when an unknown printer took a galley of type and scrambled it to make a type specimen book. It has survived not only five centuries, but also the leap into electronic typesetting, remaining essentially unchanged. It was popularised in the 1960s with the release of Letraset sheets containing Lorem Ipsum passages, and more recently with desktop publishing software like Aldus PageMaker including versions of Lorem Ipsum.",Ativos_Biotecnológicos_Aplicad,206,115,86,5,Ciências Biológicas,BIOLOGICAS,gexf_fixed/INCT_BIOLOGICAS_T2_fixed.gexf,gexf_html/cached_INCT_BIOLOGICAS_T2_fixed.html,gexf_html/cached_INCT_3_T2_fixed.html
3,INCT Biologia Sintetica,Elibio Leopoldo Rech Filho,4,gexf_fixed/INCT_4_T2_fixed.gexf,"O INCT INCT Biologia Sintetica Lorem Ipsum is simply dummy text of the printing and typesetting industry. Lorem Ipsum has been the industry's standard dummy text ever since the 1500s, when an unknown printer took a galley of type and scrambled it to make a type specimen book. It has survived not only five centuries, but also the leap into electronic typesetting, remaining essentially unchanged. It was popularised in the 1960s with the release of Letraset sheets containing Lorem Ipsum passages, and more recently with desktop publishing software like Aldus PageMaker including versions of Lorem Ipsum.",Biologia_Sintetica,153,82,68,3,Ciências Biológicas,BIOLOGICAS,gexf_fixed/INCT_BIOLOGICAS_T2_fixed.gexf,gexf_html/cached_INCT_BIOLOGICAS_T2_fixed.html,gexf_html/cached_INCT_4_T2_fixed.html
4,INCT Brasil Plural,Esther Jean Langdon,5,gexf_fixed/INCT_5_T2_fixed.gexf,"O INCT INCT Brasil Plural Lorem Ipsum is simply dummy text of the printing and typesetting industry. Lorem Ipsum has been the industry's standard dummy text ever since the 1500s, when an unknown printer took a galley of type and scrambled it to make a type specimen book. It has survived not only five centuries, but also the leap into electronic typesetting, remaining essentially unchanged. It was popularised in the 1960s with the release of Letraset sheets containing Lorem Ipsum passages, and more recently with desktop publishing software like Aldus PageMaker including versions of Lorem Ipsum.",Brasil_Plural,88,51,37,0,"Ciências Humanas, Sociais Aplicadas e Educação",HUMANAS,gexf_fixed/INCT_HUMANAS_T2_fixed.gexf,gexf_html/cached_INCT_HUMANAS_T2_fixed.html,gexf_html/cached_INCT_5_T2_fixed.html
5,INCT Centro de Química Medicinal de Acesso Aberto,Paulo Arruda,6,gexf_fixed/INCT_6_T2_fixed.gexf,"O INCT INCT Centro de Química Medicinal de Acesso Aberto Lorem Ipsum is simply dummy text of the printing and typesetting industry. Lorem Ipsum has been the industry's standard dummy text ever since the 1500s, when an unknown printer took a galley of type and scrambled it to make a type specimen book. It has survived not only five centuries, but also the leap into electronic typesetting, remaining essentially unchanged. It was popularised in the 1960s with the release of Letraset sheets containing Lorem Ipsum passages, and more recently with desktop publishing software like Aldus PageMaker including versions of Lorem Ipsum.",Centro_de_Química,9,1,8,0,Ciências Biológicas,BIOLOGICAS,gexf_fixed/INCT_BIOLOGICAS_T2_fixed.gexf,gexf_html/cached_INCT_BIOLOGICAS_T2_fixed.html,gexf_html/cached_INCT_6_T2_fixed.html
6,INCT Ciências Forenses,Roberto Esser dos Reis,7,gexf_fixed/INCT_7_T2_fixed.gexf,"O INCT INCT Ciências Forenses Lorem Ipsum is simply dummy text of the printing and typesetting industry. Lorem Ipsum has been the industry's standard dummy text ever since the 1500s, when an unknown printer took a galley of type and scrambled it to make a type specimen book. It has survived not only five centuries, but also the leap into electronic typesetting, remaining essentially unchanged. It was popularised in the 1960s with the release of Letraset sheets containing Lorem Ipsum passages, and more recently with desktop publishing software like Aldus PageMaker including versions of Lorem Ipsum.",Ciências_Forenses,55,15,39,1,Ecologia e Meio Ambiente,ECOLOGIA,gexf_fixed/INCT_ECOLOGIA_T2_fixed.gexf,gexf_html/cached_INCT_ECOLOGIA_T2_fixed.html,gexf_html/cached_INCT_7_T2_fixed.html
7,INCT da Criosfera,Jefferson Cardia Simões,8,gexf_fixed/INCT_8_T2_fixed.gexf,"O INCT INCT da Criosfera Lorem Ipsum is simply dummy text of the printing and typesetting industry. Lorem Ipsum has been the industry's standard dummy text ever since the 1500s, when an unknown printer took a galley of type and scrambled it to make a type specimen book. It has survived not only five centuries, but also the leap into electronic typesetting, remaining essentially unchanged. It was popularised in the 1960s with the release of Letraset sheets containing Lorem Ipsum passages, and more recently with desktop publishing software like Aldus PageMaker including versions of Lorem Ipsum.",da_Criosfera,469,193,271,5,Ecologia e Meio Ambiente,ECOLOGIA,gexf_fixed/INCT_ECOLOGIA_T2_fixed.gexf,gexf_html/cached_INCT_ECOLOGIA_T2_fixed.html,gexf_html/cached_INCT_8_T2_fixed.html
8,INCT da Internet do Futuro,Fabio Kon,9,gexf_fixed/INCT_9_T2_fixed.gexf,"O INCT INCT da Internet do Futuro Lorem Ipsum is simply dummy text of the printing and typesetting industry. Lorem Ipsum has been the industry's standard dummy text ever since the 1500s, when an unknown printer took a galley of type and scrambled it to make a type specimen book. It has survived not only five centuries, but also the leap into electronic typesetting, remaining essentially unchanged. It was popularised in the 1960s with the release of Letraset sheets containing Lorem Ipsum passages, and more recently with desktop publishing software like Aldus PageMaker including versions of Lorem Ipsum.",da_Internet_do,54,4,50,0,Ciências Exatas e da Terra,EXATAS,gexf_fixed/INCT_EXATAS_T2_fixed.gexf,gexf_html/cached_INCT_EXATAS_T2_fixed.html,gexf_html/cached_INCT_9_T2_fixed.html
9,"INCT de Arqueologia, Paleontologia e Ambiente do Semi-Árido do Nordeste do Brasil",Anne Marie Pessis,10,gexf_fixed/INCT_10_T2_fixed.gexf,"O INCT INCT de Arqueologia, Paleontologia e Ambiente do Semi-Árido do Nordeste do Brasil Lorem Ipsum is simply dummy text of the printing and typesetting industry. Lorem Ipsum has been the industry's standard dummy text ever since the 1500s, when an unknown printer took a galley of type and scrambled it to make a type specimen book. It has survived not only five centuries, but also the leap into electronic typesetting, remaining essentially unchanged. It was popularised in the 1960s with the release of Letraset sheets containing Lorem Ipsum passages, and more recently with desktop publishing software like Aldus PageMaker including versions of Lorem Ipsum.",de_Arqueologia_Paleontologia,31,16,14,1,"Ciências Humanas, Sociais Aplicadas e Educação",HUMANAS,gexf_fixed/INCT_HUMANAS_T2_fixed.gexf,gexf_html/cached_INCT_HUMANAS_T2_fixed.html,gexf_html/cached_INCT_10_T2_fixed.html
10,INCT de Bioinspiração - Moléculas bioinspiradas aplicadas ao incremento e qualidade da produção de proteína animal (INCT-Bioinspir) ,Octavio Luiz Franco,11,gexf_fixed/INCT_11_T2_fixed.gexf,"O INCT INCT de Bioinspiração - Moléculas bioinspiradas aplicadas ao incremento e qualidade da produção de proteína animal (INCT-Bioinspir)  Lorem Ipsum is simply dummy text of the printing and typesetting industry. Lorem Ipsum has been the industry's standard dummy text ever since the 1500s, when an unknown printer took a galley of type and scrambled it to make a type specimen book. It has survived not only five centuries, but also the leap into electronic typesetting, remaining essentially unchanged. It was popularised in the 1960s with the release of Letraset sheets containing Lorem Ipsum passages, and more recently with desktop publishing software like Aldus PageMaker including versions of Lorem Ipsum.",de_Bioinspiração_Moléculas,75,37,37,1,Ciências Biológicas,BIOLOGICAS,gexf_fixed/INCT_BIOLOGICAS_T2_fixed.gexf,gexf_html/cached_INCT_BIOLOGICAS_T2_fixed.html,gexf_html/cached_INCT_11_T2_fixed.html
11,INCT de Biologia Estrutural e Bioimagem,Jerson Lima da Silva,12,gexf_fixed/INCT_12_T2_fixed.gexf,"O INCT INCT de Biologia Estrutural e Bioimagem Lorem Ipsum is simply dummy text of the printing and typesetting industry. Lorem Ipsum has been the industry's standard dummy text ever since the 1500s, when an unknown printer took a galley of type and scrambled it to make a type specimen book. It has survived not only five centuries, but also the leap into electronic typesetting, remaining essentially unchanged. It was popularised in the 1960s with the release of Letraset sheets containing Lorem Ipsum passages, and more recently with desktop publishing software like Aldus PageMaker including versions of Lorem Ipsum.",de_Biologia_Estrutural,415,258,153,4,Ciências Biológicas,BIOLOGICAS,gexf_fixed/INCT_BIOLOGICAS_T2_fixed.gexf,gexf_html/cached_INCT_BIOLOGICAS_T2_fixed.html,gexf_html/cached_INCT_12_T2_fixed.html
12,INCT de Biomarcadores em Neuropsiquiatria (INCT-INBioN),Wagner Farid Gattaz,13,gexf_fixed/INCT_13_T2_fixed.gexf,"O INCT INCT de Biomarcadores em Neuropsiquiatria (INCT-INBioN) Lorem Ipsum is simply dummy text of the printing and typesetting industry. Lorem Ipsum has been the industry's standard dummy text ever since the 1500s, when an unknown printer took a galley of type and scrambled it to make a type specimen book. It has survived not only five centuries, but also the leap into electronic typesetting, remaining essentially unchanged. It was popularised in the 1960s with the release of Letraset sheets containing Lorem Ipsum passages, and more recently with desktop publishing software like Aldus PageMaker including versions of Lorem Ipsum.",de_Biomarcadores_em,14,2,12,0,Saúde,SAUDE,gexf_fixed/INCT_SAUDE_T2_fixed.gexf,gexf_html/cached_INCT_SAUDE_T2_fixed.html,gexf_html/cached_INCT_13_T2_fixed.html
13,INCT de Ciência Animal,Sebastiao de Campos Valadares Filho,14,gexf_fixed/INCT_14_T2_fixed.gexf,"O INCT INCT de Ciência Animal Lorem Ipsum is simply dummy text of the printing and typesetting industry. Lorem Ipsum has been the industry's standard dummy text ever since the 1500s, when an unknown printer took a galley of type and scrambled it to make a type specimen book. It has survived not only five centuries, but also the leap into electronic typesetting, remaining essentially unchanged. It was popularised in the 1960s with the release of Letraset sheets containing Lorem Ipsum passages, and more recently with desktop publishing software like Aldus PageMaker including versions of Lorem Ipsum.",de_Ciência_Animal,84,26,58,0,Ciências Agrárias e Agronegócios,AGRARIAS,gexf_fixed/INCT_AGRARIAS_T2_fixed.gexf,gexf_html/cached_INCT_AGRARIAS_T2_fixed.html,gexf_html/cached_INCT_14_T2_fixed.html
14,INCT de Doenças Tropicais,Edgar Marcelino de Carvalho Filho,15,gexf_fixed/INCT_15_T2_fixed.gexf,"O INCT INCT de Doenças Tropicais Lorem Ipsum is simply dummy text of the printing and typesetting industry. Lorem Ipsum has been the industry's standard dummy text ever since the 1500s, when an unknown printer took a galley of type and scrambled it to make a type specimen book. It has survived not only five centuries, but also the leap into electronic typesetting, remaining essentially unchanged. It was popularised in the 1960s with the release of Letraset sheets containing Lorem Ipsum passages, and more recently with desktop publishing software like Aldus PageMaker including versions of Lorem Ipsum.",de_Doenças_Tropicais,21,8,13,0,Saúde,SAUDE,gexf_fixed/INCT_SAUDE_T2_fixed.gexf,gexf_html/cached_INCT_SAUDE_T2_fixed.html,gexf_html/cached_INCT_15_T2_fixed.html
15,INCT de Energia e Ambiente,Jailson Bittencourt de Andrade,16,gexf_fixed/INCT_16_T2_fixed.gexf,"O INCT INCT de Energia e Ambiente Lorem Ipsum is simply dummy text of the printing and typesetting industry. Lorem Ipsum has been the industry's standard dummy text ever since the 1500s, when an unknown printer took a galley of type and scrambled it to make a type specimen book. It has survived not only five centuries, but also the leap into electronic typesetting, remaining essentially unchanged. It was popularised in the 1960s with the release of Letraset sheets containing Lorem Ipsum passages, and more recently with desktop publishing software like Aldus PageMaker including versions of Lorem Ipsum.",de_Energia_e,94,39,55,0,Ciências Exatas e da Terra,EXATAS,gexf_fixed/INCT_EXATAS_T2_fixed.gexf,gexf_html/cached_INCT_EXATAS_T2_fixed.html,gexf_html/cached_INCT_16_T2_fixed.html
16,INCT de Energias Oceânicas e Fluviais (INCT-INEOF),Osvaldo Ronald Saavedra Mendez,17,gexf_fixed/INCT_17_T2_fixed.gexf,"O INCT INCT de Energias Oceânicas e Fluviais (INCT-INEOF) Lorem Ipsum is simply dummy text of the printing and typesetting industry. Lorem Ipsum has been the industry's standard dummy text ever since the 1500s, when an unknown printer took a galley of type and scrambled it to make a type specimen book. It has survived not only five centuries, but also the leap into electronic typesetting, remaining essentially unchanged. It was popularised in the 1960s with the release of Letraset sheets containing Lorem Ipsum passages, and more recently with desktop publishing software like Aldus PageMaker including versions of Lorem Ipsum.",de_Energias_Oceânicas,43,4,39,0,"Engenharias, Energias e Tecnologias da Informação",ENGENHARIAS,gexf_fixed/INCT_ENGENHARIAS_T2_fixed.gexf,gexf_html/cached_INCT_ENGENHARIAS_T2_fixed.html,gexf_html/cached_INCT_17_T2_fixed.html
17,INCT de Engenharia de Superfícies,Fernando Lázaro Freire Junior,18,gexf_fixed/INCT_18_T2_fixed.gexf,"O INCT INCT de Engenharia de Superfícies Lorem Ipsum is simply dummy text of the printing and typesetting industry. Lorem Ipsum has been the industry's standard dummy text ever since the 1500s, when an unknown printer took a galley of type and scrambled it to make a type specimen book. It has survived not only five centuries, but also the leap into electronic typesetting, remaining essentially unchanged. It was popularised in the 1960s with the release of Letraset sheets containing Lorem Ipsum passages, and more recently with desktop publishing software like Aldus PageMaker including versions of Lorem Ipsum.",de_Engenharia_de,48,10,38,0,Ciências Exatas e da Terra,EXATAS,gexf_fixed/INCT_EXATAS_T2_fixed.gexf,gexf_html/cached_INCT_EXATAS_T2_fixed.html,gexf_html/cached_INCT_18_T2_fixed.html
18,INCT de Entomologia Molecular,Pedro Lagerblad de Oliveira,19,gexf_fixed/INCT_19_T2_fixed.gexf,"O INCT INCT de Entomologia Molecular Lorem Ipsum is simply dummy text of the printing and typesetting industry. Lorem Ipsum has been the industry's standard dummy text ever since the 1500s, when an unknown printer took a galley of type and scrambled it to make a type specimen book. It has survived not only five centuries, but also the leap into electronic typesetting, remaining essentially unchanged. It was popularised in the 1960s with the release of Letraset sheets containing Lorem Ipsum passages, and more recently with desktop publishing software like Aldus PageMaker including versions of Lorem Ipsum.",de_Entomologia_Molecular,302,156,145,1,Ciências Biológicas,BIOLOGICAS,gexf_fixed/INCT_BIOLOGICAS_T2_fixed.gexf,gexf_html/cached_INCT_BIOLOGICAS_T2_fixed.html,gexf_html/cached_INCT_19_T2_fixed.html
19,INCT de Epidemiologia da Amazônia Ocidental,Henrique Krieger,20,gexf_fixed/INCT_20_T2_fixed.gexf,"O INCT INCT de Epidemiologia da Amazônia Ocidental Lorem Ipsum is simply dummy text of the printing and typesetting industry. Lorem Ipsum has been the industry's standard dummy text ever since the 1500s, when an unknown printer took a galley of type and scrambled it to make a type specimen book. It has survived not only five centuries, but also the leap into electronic typesetting, remaining essentially unchanged. It was popularised in the 1960s with the release of Letraset sheets containing Lorem Ipsum passages, and more recently with desktop publishing software like Aldus PageMaker including versions of Lorem Ipsum.",de_Epidemiologia_da,147,72,70,5,Saúde,SAUDE,gexf_fixed/INCT_SAUDE_T2_fixed.gexf,gexf_html/cached_INCT_SAUDE_T2_fixed.html,gexf_html/cached_INCT_20_T2_fixed.html
20,INCT de Estudos Comparados em Administração Institucional de Conflitos,Roberto Kant de Lima,21,gexf_fixed/INCT_21_T2_fixed.gexf,"O INCT INCT de Estudos Comparados em Administração Institucional de Conflitos Lorem Ipsum is simply dummy text of the printing and typesetting industry. Lorem Ipsum has been the industry's standard dummy text ever since the 1500s, when an unknown printer took a galley of type and scrambled it to make a type specimen book. It has survived not only five centuries, but also the leap into electronic typesetting, remaining essentially unchanged. It was popularised in the 1960s with the release of Letraset sheets containing Lorem Ipsum passages, and more recently with desktop publishing software like Aldus PageMaker including versions of Lorem Ipsum.",de_Estudos_Comparados,533,303,228,2,"Ciências Humanas, Sociais Aplicadas e Educação",HUMANAS,gexf_fixed/INCT_HUMANAS_T2_fixed.gexf,gexf_html/cached_INCT_HUMANAS_T2_fixed.html,gexf_html/cached_INCT_21_T2_fixed.html
21,INCT de Fluidos Complexos,Antonio Martins Figueiredo Neto,22,gexf_fixed/INCT_22_T2_fixed.gexf,"O INCT INCT de Fluidos Complexos Lorem Ipsum is simply dummy text of the printing and typesetting industry. Lorem Ipsum has been the industry's standard dummy text ever since the 1500s, when an unknown printer took a galley of type and scrambled it to make a type specimen book. It has survived not only five centuries, but also the leap into electronic typesetting, remaining essentially unchanged. It was popularised in the 1960s with the release of Letraset sheets containing Lorem Ipsum passages, and more recently with desktop publishing software like Aldus PageMaker including versions of Lorem Ipsum.",de_Fluidos_Complexos,80,27,52,1,Ciências Exatas e da Terra,EXATAS,gexf_fixed/INCT_EXATAS_T2_fixed.gexf,gexf_html/cached_INCT_EXATAS_T2_fixed.html,gexf_html/cached_INCT_22_T2_fixed.html
22,INCT de Fotônica (INCT-INFO),Anderson Stevens Leonidas Gomes,23,gexf_fixed/INCT_23_T2_fixed.gexf,"O INCT INCT de Fotônica (INCT-INFO) Lorem Ipsum is simply dummy text of the printing and typesetting industry. Lorem Ipsum has been the industry's standard dummy text ever since the 1500s, when an unknown printer took a galley of type and scrambled it to make a type specimen book. It has survived not only five centuries, but also the leap into electronic typesetting, remaining essentially unchanged. It was popularised in the 1960s with the release of Letraset sheets containing Lorem Ipsum passages, and more recently with desktop publishing software like Aldus PageMaker including versions of Lorem Ipsum.",de_Fotônica,310,130,173,7,Ciências Exatas e da Terra,EXATAS,gexf_fixed/INCT_EXATAS_T2_fixed.gexf,gexf_html/cached_INCT_EXATAS_T2_fixed.html,gexf_html/cached_INCT_23_T2_fixed.html
23,INCT de Frutos Tropicais,Narendra Narain,24,gexf_fixed/INCT_24_T2_fixed.gexf,"O INCT INCT de Frutos Tropicais Lorem Ipsum is simply dummy text of the printing and typesetting industry. Lorem Ipsum has been the industry's standard dummy text ever since the 1500s, when an unknown printer took a galley of type and scrambled it to make a type specimen book. It has survived not only five centuries, but also the leap into electronic typesetting, remaining essentially unchanged. It was popularised in the 1960s with the release of Letraset sheets containing Lorem Ipsum passages, and more recently with desktop publishing software like Aldus PageMaker including versions of Lorem Ipsum.",de_Frutos_Tropicais,36,18,16,2,Ciências Agrárias e Agronegócios,AGRARIAS,gexf_fixed/INCT_AGRARIAS_T2_fixed.gexf,gexf_html/cached_INCT_AGRARIAS_T2_fixed.html,gexf_html/cached_INCT_24_T2_fixed.html
24,INCT de Genética Médica Populacional (INCT-INAGEMP),Roberto Giugliani,25,gexf_fixed/INCT_25_T2_fixed.gexf,"O INCT INCT de Genética Médica Populacional (INCT-INAGEMP) Lorem Ipsum is simply dummy text of the printing and typesetting industry. Lorem Ipsum has been the industry's standard dummy text ever since the 1500s, when an unknown printer took a galley of type and scrambled it to make a type specimen book. It has survived not only five centuries, but also the leap into electronic typesetting, remaining essentially unchanged. It was popularised in the 1960s with the release of Letraset sheets containing Lorem Ipsum passages, and more recently with desktop publishing software like Aldus PageMaker including versions of Lorem Ipsum.",de_Genética_Médica,213,152,59,2,Ciências Biológicas,BIOLOGICAS,gexf_fixed/INCT_BIOLOGICAS_T2_fixed.gexf,gexf_html/cached_INCT_BIOLOGICAS_T2_fixed.html,gexf_html/cached_INCT_25_T2_fixed.html
25,INCT de Genômica Comparativa e Funcional e Melhoramento Assistido de Citros.,Marcos Antonio Machado,26,gexf_fixed/INCT_26_T2_fixed.gexf,"O INCT INCT de Genômica Comparativa e Funcional e Melhoramento Assistido de Citros. Lorem Ipsum is simply dummy text of the printing and typesetting industry. Lorem Ipsum has been the industry's standard dummy text ever since the 1500s, when an unknown printer took a galley of type and scrambled it to make a type specimen book. It has survived not only five centuries, but also the leap into electronic typesetting, remaining essentially unchanged. It was popularised in the 1960s with the release of Letraset sheets containing Lorem Ipsum passages, and more recently with desktop publishing software like Aldus PageMaker including versions of Lorem Ipsum.",de_Genômica_Comparativa,138,60,72,6,Ciências Agrárias e Agronegócios,AGRARIAS,gexf_fixed/INCT_AGRARIAS_T2_fixed.gexf,gexf_html/cached_INCT_AGRARIAS_T2_fixed.html,gexf_html/cached_INCT_26_T2_fixed.html
26,INCT de Geofísica do Petróleo,Milton José Porsani,27,gexf_fixed/INCT_27_T2_fixed.gexf,"O INCT INCT de Geofísica do Petróleo Lorem Ipsum is simply dummy text of the printing and typesetting industry. Lorem Ipsum has been the industry's standard dummy text ever since the 1500s, when an unknown printer took a galley of type and scrambled it to make a type specimen book. It has survived not only five centuries, but also the leap into electronic typesetting, remaining essentially unchanged. It was popularised in the 1960s with the release of Letraset sheets containing Lorem Ipsum passages, and more recently with desktop publishing software like Aldus PageMaker including versions of Lorem Ipsum.",de_Geofísica_do,100,20,79,1,Ciências Exatas e da Terra,EXATAS,gexf_fixed/INCT_EXATAS_T2_fixed.gexf,gexf_html/cached_INCT_EXATAS_T2_fixed.html,gexf_html/cached_INCT_27_T2_fixed.html
27,INCT de Hormônios e Saúde da Mulher,Poli Mara Spritzer,28,gexf_fixed/INCT_28_T2_fixed.gexf,"O INCT INCT de Hormônios e Saúde da Mulher Lorem Ipsum is simply dummy text of the printing and typesetting industry. Lorem Ipsum has been the industry's standard dummy text ever since the 1500s, when an unknown printer took a galley of type and scrambled it to make a type specimen book. It has survived not only five centuries, but also the leap into electronic typesetting, remaining essentially unchanged. It was popularised in the 1960s with the release of Letraset sheets containing Lorem Ipsum passages, and more recently with desktop publishing software like Aldus PageMaker including versions of Lorem Ipsum.",de_Hormônios_e,101,70,30,1,Saúde,SAUDE,gexf_fixed/INCT_SAUDE_T2_fixed.gexf,gexf_html/cached_INCT_SAUDE_T2_fixed.html,gexf_html/cached_INCT_28_T2_fixed.html
28,INCT de Inovação em Doenças de Populações Negligenciadas (INCT-IDPN),Carlos Medicis Morel,29,gexf_fixed/INCT_29_T2_fixed.gexf,"O INCT INCT de Inovação em Doenças de Populações Negligenciadas (INCT-IDPN) Lorem Ipsum is simply dummy text of the printing and typesetting industry. Lorem Ipsum has been the industry's standard dummy text ever since the 1500s, when an unknown printer took a galley of type and scrambled it to make a type specimen book. It has survived not only five centuries, but also the leap into electronic typesetting, remaining essentially unchanged. It was popularised in the 1960s with the release of Letraset sheets containing Lorem Ipsum passages, and more recently with desktop publishing software like Aldus PageMaker including versions of Lorem Ipsum.",de_Inovação_em,269,161,103,5,Saúde,SAUDE,gexf_fixed/INCT_SAUDE_T2_fixed.gexf,gexf_html/cached_INCT_SAUDE_T2_fixed.html,gexf_html/cached_INCT_29_T2_fixed.html
29,INCT de Investigação em Imunologia,Jorge Elias Kalil Filho,30,gexf_fixed/INCT_30_T2_fixed.gexf,"O INCT INCT de Investigação em Imunologia Lorem Ipsum is simply dummy text of the printing and typesetting industry. Lorem Ipsum has been the industry's standard dummy text ever since the 1500s, when an unknown printer took a galley of type and scrambled it to make a type specimen book. It has survived not only five centuries, but also the leap into electronic typesetting, remaining essentially unchanged. It was popularised in the 1960s with the release of Letraset sheets containing Lorem Ipsum passages, and more recently with desktop publishing software like Aldus PageMaker including versions of Lorem Ipsum.",de_Investigação_em,35,20,15,0,Ciências Biológicas,BIOLOGICAS,gexf_fixed/INCT_BIOLOGICAS_T2_fixed.gexf,gexf_html/cached_INCT_BIOLOGICAS_T2_fixed.html,gexf_html/cached_INCT_30_T2_fixed.html
30,INCT de Madeiras da Amazônia,Niro Higuchi,31,gexf_fixed/INCT_31_T2_fixed.gexf,"O INCT INCT de Madeiras da Amazônia Lorem Ipsum is simply dummy text of the printing and typesetting industry. Lorem Ipsum has been the industry's standard dummy text ever since the 1500s, when an unknown printer took a galley of type and scrambled it to make a type specimen book. It has survived not only five centuries, but also the leap into electronic typesetting, remaining essentially unchanged. It was popularised in the 1960s with the release of Letraset sheets containing Lorem Ipsum passages, and more recently with desktop publishing software like Aldus PageMaker including versions of Lorem Ipsum.",de_Madeiras_da,69,19,50,0,Ciências Agrárias e Agronegócios,AGRARIAS,gexf_fixed/INCT_AGRARIAS_T2_fixed.gexf,gexf_html/cached_INCT_AGRARIAS_T2_fixed.html,gexf_html/cached_INCT_31_T2_fixed.html
31,INCT de Matemática,Jacob Palis Junior,32,gexf_fixed/INCT_32_T2_fixed.gexf,"O INCT INCT de Matemática Lorem Ipsum is simply dummy text of the printing and typesetting industry. Lorem Ipsum has been the industry's standard dummy text ever since the 1500s, when an unknown printer took a galley of type and scrambled it to make a type specimen book. It has survived not only five centuries, but also the leap into electronic typesetting, remaining essentially unchanged. It was popularised in the 1960s with the release of Letraset sheets containing Lorem Ipsum passages, and more recently with desktop publishing software like Aldus PageMaker including versions of Lorem Ipsum.",de_Matemática,814,168,632,14,Ciências Exatas e da Terra,EXATAS,gexf_fixed/INCT_EXATAS_T2_fixed.gexf,gexf_html/cached_INCT_EXATAS_T2_fixed.html,gexf_html/cached_INCT_32_T2_fixed.html
32,INCT de Nanomateriais de Carbono,Marcos Assunção Pimenta,33,gexf_fixed/INCT_33_T2_fixed.gexf,"O INCT INCT de Nanomateriais de Carbono Lorem Ipsum is simply dummy text of the printing and typesetting industry. Lorem Ipsum has been the industry's standard dummy text ever since the 1500s, when an unknown printer took a galley of type and scrambled it to make a type specimen book. It has survived not only five centuries, but also the leap into electronic typesetting, remaining essentially unchanged. It was popularised in the 1960s with the release of Letraset sheets containing Lorem Ipsum passages, and more recently with desktop publishing software like Aldus PageMaker including versions of Lorem Ipsum.",de_Nanomateriais_de,118,34,84,0,Ciências Exatas e da Terra,EXATAS,gexf_fixed/INCT_EXATAS_T2_fixed.gexf,gexf_html/cached_INCT_EXATAS_T2_fixed.html,gexf_html/cached_INCT_33_T2_fixed.html
33,INCT de Neurociência Translacional,Roberto Lent,34,gexf_fixed/INCT_34_T2_fixed.gexf,"O INCT INCT de Neurociência Translacional Lorem Ipsum is simply dummy text of the printing and typesetting industry. Lorem Ipsum has been the industry's standard dummy text ever since the 1500s, when an unknown printer took a galley of type and scrambled it to make a type specimen book. It has survived not only five centuries, but also the leap into electronic typesetting, remaining essentially unchanged. It was popularised in the 1960s with the release of Letraset sheets containing Lorem Ipsum passages, and more recently with desktop publishing software like Aldus PageMaker including versions of Lorem Ipsum.",de_Neurociência_Translacional,134,69,65,0,Saúde,SAUDE,gexf_fixed/INCT_SAUDE_T2_fixed.gexf,gexf_html/cached_INCT_SAUDE_T2_fixed.html,gexf_html/cached_INCT_34_T2_fixed.html
34,INCT de Obesidade e Diabetes,Mario José Abdalla Saad,35,gexf_fixed/INCT_35_T2_fixed.gexf,"O INCT INCT de Obesidade e Diabetes Lorem Ipsum is simply dummy text of the printing and typesetting industry. Lorem Ipsum has been the industry's standard dummy text ever since the 1500s, when an unknown printer took a galley of type and scrambled it to make a type specimen book. It has survived not only five centuries, but also the leap into electronic typesetting, remaining essentially unchanged. It was popularised in the 1960s with the release of Letraset sheets containing Lorem Ipsum passages, and more recently with desktop publishing software like Aldus PageMaker including versions of Lorem Ipsum.",de_Obesidade_e,35,11,24,0,Saúde,SAUDE,gexf_fixed/INCT_SAUDE_T2_fixed.gexf,gexf_html/cached_INCT_SAUDE_T2_fixed.html,gexf_html/cached_INCT_35_T2_fixed.html
35,INCT de Óptica Básica e Aplicada às Ciências da Vida,Vanderlei Salvador Bagnato,36,gexf_fixed/INCT_36_T2_fixed.gexf,"O INCT INCT de Óptica Básica e Aplicada às Ciências da Vida Lorem Ipsum is simply dummy text of the printing and typesetting industry. Lorem Ipsum has been the industry's standard dummy text ever since the 1500s, when an unknown printer took a galley of type and scrambled it to make a type specimen book. It has survived not only five centuries, but also the leap into electronic typesetting, remaining essentially unchanged. It was popularised in the 1960s with the release of Letraset sheets containing Lorem Ipsum passages, and more recently with desktop publishing software like Aldus PageMaker including versions of Lorem Ipsum.",de_Óptica_Básica,71,19,51,1,Ciências Exatas e da Terra,EXATAS,gexf_fixed/INCT_EXATAS_T2_fixed.gexf,gexf_html/cached_INCT_EXATAS_T2_fixed.html,gexf_html/cached_INCT_36_T2_fixed.html
36,INCT de Pesquisa em Resistência a Antimicrobianos,Afonso Luís Barth,37,gexf_fixed/INCT_37_T2_fixed.gexf,"O INCT INCT de Pesquisa em Resistência a Antimicrobianos Lorem Ipsum is simply dummy text of the printing and typesetting industry. Lorem Ipsum has been the industry's standard dummy text ever since the 1500s, when an unknown printer took a galley of type and scrambled it to make a type specimen book. It has survived not only five centuries, but also the leap into electronic typesetting, remaining essentially unchanged. It was popularised in the 1960s with the release of Letraset sheets containing Lorem Ipsum passages, and more recently with desktop publishing software like Aldus PageMaker including versions of Lorem Ipsum.",de_Pesquisa_em,19,9,10,0,Ciências Biológicas,BIOLOGICAS,gexf_fixed/INCT_BIOLOGICAS_T2_fixed.gexf,gexf_html/cached_INCT_BIOLOGICAS_T2_fixed.html,gexf_html/cached_INCT_37_T2_fixed.html
37,"INCT de Políticas Públicas, Estratégias e Desenvolvimento",Renato Raul Boschi,38,gexf_fixed/INCT_38_T2_fixed.gexf,"O INCT INCT de Políticas Públicas, Estratégias e Desenvolvimento Lorem Ipsum is simply dummy text of the printing and typesetting industry. Lorem Ipsum has been the industry's standard dummy text ever since the 1500s, when an unknown printer took a galley of type and scrambled it to make a type specimen book. It has survived not only five centuries, but also the leap into electronic typesetting, remaining essentially unchanged. It was popularised in the 1960s with the release of Letraset sheets containing Lorem Ipsum passages, and more recently with desktop publishing software like Aldus PageMaker including versions of Lorem Ipsum.",de_Políticas_Públicas,59,27,32,0,"Ciências Humanas, Sociais Aplicadas e Educação",HUMANAS,gexf_fixed/INCT_HUMANAS_T2_fixed.gexf,gexf_html/cached_INCT_HUMANAS_T2_fixed.html,gexf_html/cached_INCT_38_T2_fixed.html
38,INCT de Psiquiatria do Desenvolvimento para Crianças e Adolescentes,Euripedes Constantino Miguel Filho,39,gexf_fixed/INCT_39_T2_fixed.gexf,"O INCT INCT de Psiquiatria do Desenvolvimento para Crianças e Adolescentes Lorem Ipsum is simply dummy text of the printing and typesetting industry. Lorem Ipsum has been the industry's standard dummy text ever since the 1500s, when an unknown printer took a galley of type and scrambled it to make a type specimen book. It has survived not only five centuries, but also the leap into electronic typesetting, remaining essentially unchanged. It was popularised in the 1960s with the release of Letraset sheets containing Lorem Ipsum passages, and more recently with desktop publishing software like Aldus PageMaker including versions of Lorem Ipsum.",de_Psiquiatria_do,96,50,45,1,Saúde,SAUDE,gexf_fixed/INCT_SAUDE_T2_fixed.gexf,gexf_html/cached_INCT_SAUDE_T2_fixed.html,gexf_html/cached_INCT_39_T2_fixed.html
39,INCT de Semioquímicos na Agricultura,José Roberto Postali Parra,40,gexf_fixed/INCT_40_T2_fixed.gexf,"O INCT INCT de Semioquímicos na Agricultura Lorem Ipsum is simply dummy text of the printing and typesetting industry. Lorem Ipsum has been the industry's standard dummy text ever since the 1500s, when an unknown printer took a galley of type and scrambled it to make a type specimen book. It has survived not only five centuries, but also the leap into electronic typesetting, remaining essentially unchanged. It was popularised in the 1960s with the release of Letraset sheets containing Lorem Ipsum passages, and more recently with desktop publishing software like Aldus PageMaker including versions of Lorem Ipsum.",de_Semioquímicos_na,13,6,7,0,Ciências Agrárias e Agronegócios,AGRARIAS,gexf_fixed/INCT_AGRARIAS_T2_fixed.gexf,gexf_html/cached_INCT_AGRARIAS_T2_fixed.html,gexf_html/cached_INCT_40_T2_fixed.html
40,INCT de Sistemas Complexos,Evaldo Mendonca Fleury Curado,41,gexf_fixed/INCT_41_T2_fixed.gexf,"O INCT INCT de Sistemas Complexos Lorem Ipsum is simply dummy text of the printing and typesetting industry. Lorem Ipsum has been the industry's standard dummy text ever since the 1500s, when an unknown printer took a galley of type and scrambled it to make a type specimen book. It has survived not only five centuries, but also the leap into electronic typesetting, remaining essentially unchanged. It was popularised in the 1960s with the release of Letraset sheets containing Lorem Ipsum passages, and more recently with desktop publishing software like Aldus PageMaker including versions of Lorem Ipsum.",de_Sistemas_Complexos,76,14,62,0,Ciências Exatas e da Terra,EXATAS,gexf_fixed/INCT_EXATAS_T2_fixed.gexf,gexf_html/cached_INCT_EXATAS_T2_fixed.html,gexf_html/cached_INCT_41_T2_fixed.html
41,INCT do Bioetanol,Marcos Silveira Buckeridge,42,gexf_fixed/INCT_42_T2_fixed.gexf,"O INCT INCT do Bioetanol Lorem Ipsum is simply dummy text of the printing and typesetting industry. Lorem Ipsum has been the industry's standard dummy text ever since the 1500s, when an unknown printer took a galley of type and scrambled it to make a type specimen book. It has survived not only five centuries, but also the leap into electronic typesetting, remaining essentially unchanged. It was popularised in the 1960s with the release of Letraset sheets containing Lorem Ipsum passages, and more recently with desktop publishing software like Aldus PageMaker including versions of Lorem Ipsum.",do_Bioetanol,84,35,47,2,Ciências Biológicas,BIOLOGICAS,gexf_fixed/INCT_BIOLOGICAS_T2_fixed.gexf,gexf_html/cached_INCT_BIOLOGICAS_T2_fixed.html,gexf_html/cached_INCT_42_T2_fixed.html
42,INCT do Café,Mário Lúcio Vilela de Resende,43,gexf_fixed/INCT_43_T2_fixed.gexf,"O INCT INCT do Café Lorem Ipsum is simply dummy text of the printing and typesetting industry. Lorem Ipsum has been the industry's standard dummy text ever since the 1500s, when an unknown printer took a galley of type and scrambled it to make a type specimen book. It has survived not only five centuries, but also the leap into electronic typesetting, remaining essentially unchanged. It was popularised in the 1960s with the release of Letraset sheets containing Lorem Ipsum passages, and more recently with desktop publishing software like Aldus PageMaker including versions of Lorem Ipsum.",do_Café,116,41,75,0,Ciências Agrárias e Agronegócios,AGRARIAS,gexf_fixed/INCT_AGRARIAS_T2_fixed.gexf,gexf_html/cached_INCT_AGRARIAS_T2_fixed.html,gexf_html/cached_INCT_43_T2_fixed.html
43,INCT do e-Universo,Luiz Alberto Nicolaci da Costa,44,gexf_fixed/INCT_44_T2_fixed.gexf,"O INCT INCT do e-Universo Lorem Ipsum is simply dummy text of the printing and typesetting industry. Lorem Ipsum has been the industry's standard dummy text ever since the 1500s, when an unknown printer took a galley of type and scrambled it to make a type specimen book. It has survived not only five centuries, but also the leap into electronic typesetting, remaining essentially unchanged. It was popularised in the 1960s with the release of Letraset sheets containing Lorem Ipsum passages, and more recently with desktop publishing software like Aldus PageMaker including versions of Lorem Ipsum.",do_e_Universo,99,21,76,2,Ciências Exatas e da Terra,EXATAS,gexf_fixed/INCT_EXATAS_T2_fixed.gexf,gexf_html/cached_INCT_EXATAS_T2_fixed.html,gexf_html/cached_INCT_44_T2_fixed.html
44,INCT dos Hymenoptera Parasitóides ,Angelica Maria Penteado Martins Dias,45,gexf_fixed/INCT_45_T2_fixed.gexf,"O INCT INCT dos Hymenoptera Parasitóides  Lorem Ipsum is simply dummy text of the printing and typesetting industry. Lorem Ipsum has been the industry's standard dummy text ever since the 1500s, when an unknown printer took a galley of type and scrambled it to make a type specimen book. It has survived not only five centuries, but also the leap into electronic typesetting, remaining essentially unchanged. It was popularised in the 1960s with the release of Letraset sheets containing Lorem Ipsum passages, and more recently with desktop publishing software like Aldus PageMaker including versions of Lorem Ipsum.",dos_Hymenoptera_Parasitóides,309,157,145,7,Ciências Biológicas,BIOLOGICAS,gexf_fixed/INCT_BIOLOGICAS_T2_fixed.gexf,gexf_html/cached_INCT_BIOLOGICAS_T2_fixed.html,gexf_html/cached_INCT_45_T2_fixed.html
45,"INCT Ecologia, Evolução e Conservação da Biodiversidade",Jose Alexandre Felizola Diniz Filho,46,gexf_fixed/INCT_46_T2_fixed.gexf,"O INCT INCT Ecologia, Evolução e Conservação da Biodiversidade Lorem Ipsum is simply dummy text of the printing and typesetting industry. Lorem Ipsum has been the industry's standard dummy text ever since the 1500s, when an unknown printer took a galley of type and scrambled it to make a type specimen book. It has survived not only five centuries, but also the leap into electronic typesetting, remaining essentially unchanged. It was popularised in the 1960s with the release of Letraset sheets containing Lorem Ipsum passages, and more recently with desktop publishing software like Aldus PageMaker including versions of Lorem Ipsum.",Ecologia_Evolução_e,135,34,100,1,Ciências Biológicas,BIOLOGICAS,gexf_fixed/INCT_BIOLOGICAS_T2_fixed.gexf,gexf_html/cached_INCT_BIOLOGICAS_T2_fixed.html,gexf_html/cached_INCT_46_T2_fixed.html
46,INCT em Ambientes Marinhos Tropicais,José Maria Landim Dominguez,47,gexf_fixed/INCT_47_T2_fixed.gexf,"O INCT INCT em Ambientes Marinhos Tropicais Lorem Ipsum is simply dummy text of the printing and typesetting industry. Lorem Ipsum has been the industry's standard dummy text ever since the 1500s, when an unknown printer took a galley of type and scrambled it to make a type specimen book. It has survived not only five centuries, but also the leap into electronic typesetting, remaining essentially unchanged. It was popularised in the 1960s with the release of Letraset sheets containing Lorem Ipsum passages, and more recently with desktop publishing software like Aldus PageMaker including versions of Lorem Ipsum.",em_Ambientes_Marinhos,172,71,97,4,Ciências Exatas e da Terra,EXATAS,gexf_fixed/INCT_EXATAS_T2_fixed.gexf,gexf_html/cached_INCT_EXATAS_T2_fixed.html,gexf_html/cached_INCT_47_T2_fixed.html
47,INCT em Biodiversidade e Produtos Naturais (INCT-BioNat),Vanderlan da Silva Bolzani,48,gexf_fixed/INCT_48_T2_fixed.gexf,"O INCT INCT em Biodiversidade e Produtos Naturais (INCT-BioNat) Lorem Ipsum is simply dummy text of the printing and typesetting industry. Lorem Ipsum has been the industry's standard dummy text ever since the 1500s, when an unknown printer took a galley of type and scrambled it to make a type specimen book. It has survived not only five centuries, but also the leap into electronic typesetting, remaining essentially unchanged. It was popularised in the 1960s with the release of Letraset sheets containing Lorem Ipsum passages, and more recently with desktop publishing software like Aldus PageMaker including versions of Lorem Ipsum.",em_Biodiversidade_e,267,160,103,4,Ciências Exatas e da Terra,EXATAS,gexf_fixed/INCT_EXATAS_T2_fixed.gexf,gexf_html/cached_INCT_EXATAS_T2_fixed.html,gexf_html/cached_INCT_48_T2_fixed.html
48,INCT em Células-Tronco e Terapia Celular no Câncer,Dimas Tadeu Covas,49,gexf_fixed/INCT_49_T2_fixed.gexf,"O INCT INCT em Células-Tronco e Terapia Celular no Câncer Lorem Ipsum is simply dummy text of the printing and typesetting industry. Lorem Ipsum has been the industry's standard dummy text ever since the 1500s, when an unknown printer took a galley of type and scrambled it to make a type specimen book. It has survived not only five centuries, but also the leap into electronic typesetting, remaining essentially unchanged. It was popularised in the 1960s with the release of Letraset sheets containing Lorem Ipsum passages, and more recently with desktop publishing software like Aldus PageMaker including versions of Lorem Ipsum.",em_Células_Tronco,107,62,44,1,Saúde,SAUDE,gexf_fixed/INCT_SAUDE_T2_fixed.gexf,gexf_html/cached_INCT_SAUDE_T2_fixed.html,gexf_html/cached_INCT_49_T2_fixed.html
49,INCT em Comunicação Pública da Ciência e Tecnologia,Luisa Medeiros Massarani,50,gexf_fixed/INCT_50_T2_fixed.gexf,"O INCT INCT em Comunicação Pública da Ciência e Tecnologia Lorem Ipsum is simply dummy text of the printing and typesetting industry. Lorem Ipsum has been the industry's standard dummy text ever since the 1500s, when an unknown printer took a galley of type and scrambled it to make a type specimen book. It has survived not only five centuries, but also the leap into electronic typesetting, remaining essentially unchanged. It was popularised in the 1960s with the release of Letraset sheets containing Lorem Ipsum passages, and more recently with desktop publishing software like Aldus PageMaker including versions of Lorem Ipsum.",em_Comunicação_Pública,91,57,33,1,"Ciências Humanas, Sociais Aplicadas e Educação",HUMANAS,gexf_fixed/INCT_HUMANAS_T2_fixed.gexf,gexf_html/cached_INCT_HUMANAS_T2_fixed.html,gexf_html/cached_INCT_50_T2_fixed.html
50,INCT em Democracia Digital,Wilson da Silva Gomes,51,gexf_fixed/INCT_51_T2_fixed.gexf,"O INCT INCT em Democracia Digital Lorem Ipsum is simply dummy text of the printing and typesetting industry. Lorem Ipsum has been the industry's standard dummy text ever since the 1500s, when an unknown printer took a galley of type and scrambled it to make a type specimen book. It has survived not only five centuries, but also the leap into electronic typesetting, remaining essentially unchanged. It was popularised in the 1960s with the release of Letraset sheets containing Lorem Ipsum passages, and more recently with desktop publishing software like Aldus PageMaker including versions of Lorem Ipsum.",em_Democracia_Digital,84,37,47,0,"Ciências Humanas, Sociais Aplicadas e Educação",HUMANAS,gexf_fixed/INCT_HUMANAS_T2_fixed.gexf,gexf_html/cached_INCT_HUMANAS_T2_fixed.html,gexf_html/cached_INCT_51_T2_fixed.html
51,INCT em Dengue e Interação Microorganismo-hospedeiro,Mauro Martins Teixeira,52,gexf_fixed/INCT_52_T2_fixed.gexf,"O INCT INCT em Dengue e Interação Microorganismo-hospedeiro Lorem Ipsum is simply dummy text of the printing and typesetting industry. Lorem Ipsum has been the industry's standard dummy text ever since the 1500s, when an unknown printer took a galley of type and scrambled it to make a type specimen book. It has survived not only five centuries, but also the leap into electronic typesetting, remaining essentially unchanged. It was popularised in the 1960s with the release of Letraset sheets containing Lorem Ipsum passages, and more recently with desktop publishing software like Aldus PageMaker including versions of Lorem Ipsum.",em_Dengue_e,56,26,29,1,Ciências Biológicas,BIOLOGICAS,gexf_fixed/INCT_BIOLOGICAS_T2_fixed.gexf,gexf_html/cached_INCT_BIOLOGICAS_T2_fixed.html,gexf_html/cached_INCT_52_T2_fixed.html
52,INCT em Eletrônica Orgânica (INCT-INEO),Roberto Mendonca Faria,53,gexf_fixed/INCT_53_T2_fixed.gexf,"O INCT INCT em Eletrônica Orgânica (INCT-INEO) Lorem Ipsum is simply dummy text of the printing and typesetting industry. Lorem Ipsum has been the industry's standard dummy text ever since the 1500s, when an unknown printer took a galley of type and scrambled it to make a type specimen book. It has survived not only five centuries, but also the leap into electronic typesetting, remaining essentially unchanged. It was popularised in the 1960s with the release of Letraset sheets containing Lorem Ipsum passages, and more recently with desktop publishing software like Aldus PageMaker including versions of Lorem Ipsum.",em_Eletrônica_Orgânica,96,34,62,0,Ciências Exatas e da Terra,EXATAS,gexf_fixed/INCT_EXATAS_T2_fixed.gexf,gexf_html/cached_INCT_EXATAS_T2_fixed.html,gexf_html/cached_INCT_53_T2_fixed.html
53,INCT em Estudos Interdisciplinares e Transdisciplinares em Ecologia e Evolução (INCT-TREE),Charbel Nino El Hani,54,gexf_fixed/INCT_54_T2_fixed.gexf,"O INCT INCT em Estudos Interdisciplinares e Transdisciplinares em Ecologia e Evolução (INCT-TREE) Lorem Ipsum is simply dummy text of the printing and typesetting industry. Lorem Ipsum has been the industry's standard dummy text ever since the 1500s, when an unknown printer took a galley of type and scrambled it to make a type specimen book. It has survived not only five centuries, but also the leap into electronic typesetting, remaining essentially unchanged. It was popularised in the 1960s with the release of Letraset sheets containing Lorem Ipsum passages, and more recently with desktop publishing software like Aldus PageMaker including versions of Lorem Ipsum.",em_Estudos_Interdisciplinares,194,83,109,2,Ciências Biológicas,BIOLOGICAS,gexf_fixed/INCT_BIOLOGICAS_T2_fixed.gexf,gexf_html/cached_INCT_BIOLOGICAS_T2_fixed.html,gexf_html/cached_INCT_54_T2_fixed.html
54,INCT de Vacinas,Ricardo Tostes Gazzinelli,55,gexf_fixed/INCT_55_T2_fixed.gexf,"O INCT INCT de Vacinas Lorem Ipsum is simply dummy text of the printing and typesetting industry. Lorem Ipsum has been the industry's standard dummy text ever since the 1500s, when an unknown printer took a galley of type and scrambled it to make a type specimen book. It has survived not only five centuries, but also the leap into electronic typesetting, remaining essentially unchanged. It was popularised in the 1960s with the release of Letraset sheets containing Lorem Ipsum passages, and more recently with desktop publishing software like Aldus PageMaker including versions of Lorem Ipsum.",de_Vacinas,38,15,22,1,Ciências Biológicas,BIOLOGICAS,gexf_fixed/INCT_BIOLOGICAS_T2_fixed.gexf,gexf_html/cached_INCT_BIOLOGICAS_T2_fixed.html,gexf_html/cached_INCT_55_T2_fixed.html
55,INCT em Estudos Tectônicos,Reinhardt Adolfo Fuck,56,gexf_fixed/INCT_56_T2_fixed.gexf,"O INCT INCT em Estudos Tectônicos Lorem Ipsum is simply dummy text of the printing and typesetting industry. Lorem Ipsum has been the industry's standard dummy text ever since the 1500s, when an unknown printer took a galley of type and scrambled it to make a type specimen book. It has survived not only five centuries, but also the leap into electronic typesetting, remaining essentially unchanged. It was popularised in the 1960s with the release of Letraset sheets containing Lorem Ipsum passages, and more recently with desktop publishing software like Aldus PageMaker including versions of Lorem Ipsum.",em_Estudos_Tectônicos,53,10,43,0,Ciências Exatas e da Terra,EXATAS,gexf_fixed/INCT_EXATAS_T2_fixed.gexf,gexf_html/cached_INCT_EXATAS_T2_fixed.html,gexf_html/cached_INCT_56_T2_fixed.html
56,INCT em Fotônica Aplicada à Biologia Celular (INCT-INFABiC),Hernandes Faustino de Carvalho,57,gexf_fixed/INCT_57_T2_fixed.gexf,"O INCT INCT em Fotônica Aplicada à Biologia Celular (INCT-INFABiC) Lorem Ipsum is simply dummy text of the printing and typesetting industry. Lorem Ipsum has been the industry's standard dummy text ever since the 1500s, when an unknown printer took a galley of type and scrambled it to make a type specimen book. It has survived not only five centuries, but also the leap into electronic typesetting, remaining essentially unchanged. It was popularised in the 1960s with the release of Letraset sheets containing Lorem Ipsum passages, and more recently with desktop publishing software like Aldus PageMaker including versions of Lorem Ipsum.",em_Fotônica_Aplicada,94,65,29,0,Ciências Biológicas,BIOLOGICAS,gexf_fixed/INCT_BIOLOGICAS_T2_fixed.gexf,gexf_html/cached_INCT_BIOLOGICAS_T2_fixed.html,gexf_html/cached_INCT_57_T2_fixed.html
57,INCT em Materiais Complexos Funcionais (INCT-Inomat),Fernando Galembeck,58,gexf_fixed/INCT_58_T2_fixed.gexf,"O INCT INCT em Materiais Complexos Funcionais (INCT-Inomat) Lorem Ipsum is simply dummy text of the printing and typesetting industry. Lorem Ipsum has been the industry's standard dummy text ever since the 1500s, when an unknown printer took a galley of type and scrambled it to make a type specimen book. It has survived not only five centuries, but also the leap into electronic typesetting, remaining essentially unchanged. It was popularised in the 1960s with the release of Letraset sheets containing Lorem Ipsum passages, and more recently with desktop publishing software like Aldus PageMaker including versions of Lorem Ipsum.",em_Materiais_Complexos,278,133,142,3,Ciências Exatas e da Terra,EXATAS,gexf_fixed/INCT_EXATAS_T2_fixed.gexf,gexf_html/cached_INCT_EXATAS_T2_fixed.html,gexf_html/cached_INCT_58_T2_fixed.html
58,INCT em Medicina Assistida por Computação Científica (INCT-MACC),Jose Eduardo Krieger,59,gexf_fixed/INCT_59_T2_fixed.gexf,"O INCT INCT em Medicina Assistida por Computação Científica (INCT-MACC) Lorem Ipsum is simply dummy text of the printing and typesetting industry. Lorem Ipsum has been the industry's standard dummy text ever since the 1500s, when an unknown printer took a galley of type and scrambled it to make a type specimen book. It has survived not only five centuries, but also the leap into electronic typesetting, remaining essentially unchanged. It was popularised in the 1960s with the release of Letraset sheets containing Lorem Ipsum passages, and more recently with desktop publishing software like Aldus PageMaker including versions of Lorem Ipsum.",em_Medicina_Assistida,285,91,192,2,"Engenharias, Energias e Tecnologias da Informação",ENGENHARIAS,gexf_fixed/INCT_ENGENHARIAS_T2_fixed.gexf,gexf_html/cached_INCT_ENGENHARIAS_T2_fixed.html,gexf_html/cached_INCT_59_T2_fixed.html
59,INCT em Medicina Regenerativa,Antonio Carlos Campos de Carvalho,60,gexf_fixed/INCT_60_T2_fixed.gexf,"O INCT INCT em Medicina Regenerativa Lorem Ipsum is simply dummy text of the printing and typesetting industry. Lorem Ipsum has been the industry's standard dummy text ever since the 1500s, when an unknown printer took a galley of type and scrambled it to make a type specimen book. It has survived not only five centuries, but also the leap into electronic typesetting, remaining essentially unchanged. It was popularised in the 1960s with the release of Letraset sheets containing Lorem Ipsum passages, and more recently with desktop publishing software like Aldus PageMaker including versions of Lorem Ipsum.",em_Medicina_Regenerativa,417,265,148,4,Saúde,SAUDE,gexf_fixed/INCT_SAUDE_T2_fixed.gexf,gexf_html/cached_INCT_SAUDE_T2_fixed.html,gexf_html/cached_INCT_60_T2_fixed.html
60,INCT Envelhecimento e Doenças Genéticas: Genômica e Metagenômica,Mayana Zatz,61,gexf_fixed/INCT_61_T2_fixed.gexf,"O INCT INCT Envelhecimento e Doenças Genéticas: Genômica e Metagenômica Lorem Ipsum is simply dummy text of the printing and typesetting industry. Lorem Ipsum has been the industry's standard dummy text ever since the 1500s, when an unknown printer took a galley of type and scrambled it to make a type specimen book. It has survived not only five centuries, but also the leap into electronic typesetting, remaining essentially unchanged. It was popularised in the 1960s with the release of Letraset sheets containing Lorem Ipsum passages, and more recently with desktop publishing software like Aldus PageMaker including versions of Lorem Ipsum.",Envelhecimento_e_Doenças,44,26,17,1,Ciências Biológicas,BIOLOGICAS,gexf_fixed/INCT_BIOLOGICAS_T2_fixed.gexf,gexf_html/cached_INCT_BIOLOGICAS_T2_fixed.html,gexf_html/cached_INCT_61_T2_fixed.html
61,INCT Física Nuclear e Aplicações,Takeshi Kodama,62,gexf_fixed/INCT_62_T2_fixed.gexf,"O INCT INCT Física Nuclear e Aplicações Lorem Ipsum is simply dummy text of the printing and typesetting industry. Lorem Ipsum has been the industry's standard dummy text ever since the 1500s, when an unknown printer took a galley of type and scrambled it to make a type specimen book. It has survived not only five centuries, but also the leap into electronic typesetting, remaining essentially unchanged. It was popularised in the 1960s with the release of Letraset sheets containing Lorem Ipsum passages, and more recently with desktop publishing software like Aldus PageMaker including versions of Lorem Ipsum.",Física_Nuclear_e,420,100,317,3,Ciências Exatas e da Terra,EXATAS,gexf_fixed/INCT_EXATAS_T2_fixed.gexf,gexf_html/cached_INCT_EXATAS_T2_fixed.html,gexf_html/cached_INCT_62_T2_fixed.html
62,INCT História Social das Propriedades e direito de acesso,Márcia Maria Menendes Motta,63,gexf_fixed/INCT_63_T2_fixed.gexf,"O INCT INCT História Social das Propriedades e direito de acesso Lorem Ipsum is simply dummy text of the printing and typesetting industry. Lorem Ipsum has been the industry's standard dummy text ever since the 1500s, when an unknown printer took a galley of type and scrambled it to make a type specimen book. It has survived not only five centuries, but also the leap into electronic typesetting, remaining essentially unchanged. It was popularised in the 1960s with the release of Letraset sheets containing Lorem Ipsum passages, and more recently with desktop publishing software like Aldus PageMaker including versions of Lorem Ipsum.",História_Social_das,114,52,60,2,"Ciências Humanas, Sociais Aplicadas e Educação",HUMANAS,gexf_fixed/INCT_HUMANAS_T2_fixed.gexf,gexf_html/cached_INCT_HUMANAS_T2_fixed.html,gexf_html/cached_INCT_63_T2_fixed.html
63,INCT Inclusão no Ensino Superior e na Pesquisa,Jose Jorge de Carvalho,64,gexf_fixed/INCT_64_T2_fixed.gexf,"O INCT INCT Inclusão no Ensino Superior e na Pesquisa Lorem Ipsum is simply dummy text of the printing and typesetting industry. Lorem Ipsum has been the industry's standard dummy text ever since the 1500s, when an unknown printer took a galley of type and scrambled it to make a type specimen book. It has survived not only five centuries, but also the leap into electronic typesetting, remaining essentially unchanged. It was popularised in the 1960s with the release of Letraset sheets containing Lorem Ipsum passages, and more recently with desktop publishing software like Aldus PageMaker including versions of Lorem Ipsum.",Inclusão_no_Ensino,26,9,16,1,"Ciências Humanas, Sociais Aplicadas e Educação",HUMANAS,gexf_fixed/INCT_HUMANAS_T2_fixed.gexf,gexf_html/cached_INCT_HUMANAS_T2_fixed.html,gexf_html/cached_INCT_64_T2_fixed.html
64,INCT Informação Quântica,Belita Koiller,65,gexf_fixed/INCT_65_T2_fixed.gexf,"O INCT INCT Informação Quântica Lorem Ipsum is simply dummy text of the printing and typesetting industry. Lorem Ipsum has been the industry's standard dummy text ever since the 1500s, when an unknown printer took a galley of type and scrambled it to make a type specimen book. It has survived not only five centuries, but also the leap into electronic typesetting, remaining essentially unchanged. It was popularised in the 1960s with the release of Letraset sheets containing Lorem Ipsum passages, and more recently with desktop publishing software like Aldus PageMaker including versions of Lorem Ipsum.",Informação_Quântica,271,41,223,7,Ciências Exatas e da Terra,EXATAS,gexf_fixed/INCT_EXATAS_T2_fixed.gexf,gexf_html/cached_INCT_EXATAS_T2_fixed.html,gexf_html/cached_INCT_65_T2_fixed.html
65,INCT Inovação em Medicamentos e Identificação de Novos Alvos Terapêuticos (INCT-INOVAMED),Joao Batista Calixto,66,gexf_fixed/INCT_66_T2_fixed.gexf,"O INCT INCT Inovação em Medicamentos e Identificação de Novos Alvos Terapêuticos (INCT-INOVAMED) Lorem Ipsum is simply dummy text of the printing and typesetting industry. Lorem Ipsum has been the industry's standard dummy text ever since the 1500s, when an unknown printer took a galley of type and scrambled it to make a type specimen book. It has survived not only five centuries, but also the leap into electronic typesetting, remaining essentially unchanged. It was popularised in the 1960s with the release of Letraset sheets containing Lorem Ipsum passages, and more recently with desktop publishing software like Aldus PageMaker including versions of Lorem Ipsum.",Inovação_em_Medicamentos,57,35,21,1,Ciências Biológicas,BIOLOGICAS,gexf_fixed/INCT_BIOLOGICAS_T2_fixed.gexf,gexf_html/cached_INCT_BIOLOGICAS_T2_fixed.html,gexf_html/cached_INCT_66_T2_fixed.html
66,INCT Instituto da Democracia e da Democratização da Comunicação,Leonardo Avritzer,67,gexf_fixed/INCT_67_T2_fixed.gexf,"O INCT INCT Instituto da Democracia e da Democratização da Comunicação Lorem Ipsum is simply dummy text of the printing and typesetting industry. Lorem Ipsum has been the industry's standard dummy text ever since the 1500s, when an unknown printer took a galley of type and scrambled it to make a type specimen book. It has survived not only five centuries, but also the leap into electronic typesetting, remaining essentially unchanged. It was popularised in the 1960s with the release of Letraset sheets containing Lorem Ipsum passages, and more recently with desktop publishing software like Aldus PageMaker including versions of Lorem Ipsum.",Instituto_da_Democracia,80,36,43,1,"Ciências Humanas, Sociais Aplicadas e Educação",HUMANAS,gexf_fixed/INCT_HUMANAS_T2_fixed.gexf,gexf_html/cached_INCT_HUMANAS_T2_fixed.html,gexf_html/cached_INCT_67_T2_fixed.html
67,INCT Instituto Geotécnico de Reabilitação do Sistema Encosta-Planície e Desastres Naturais,Willy Alvarenga Lacerda,68,gexf_fixed/INCT_68_T2_fixed.gexf,"O INCT INCT Instituto Geotécnico de Reabilitação do Sistema Encosta-Planície e Desastres Naturais Lorem Ipsum is simply dummy text of the printing and typesetting industry. Lorem Ipsum has been the industry's standard dummy text ever since the 1500s, when an unknown printer took a galley of type and scrambled it to make a type specimen book. It has survived not only five centuries, but also the leap into electronic typesetting, remaining essentially unchanged. It was popularised in the 1960s with the release of Letraset sheets containing Lorem Ipsum passages, and more recently with desktop publishing software like Aldus PageMaker including versions of Lorem Ipsum.",Instituto_Geotécnico_de,47,12,35,0,"Engenharias, Energias e Tecnologias da Informação",ENGENHARIAS,gexf_fixed/INCT_ENGENHARIAS_T2_fixed.gexf,gexf_html/cached_INCT_ENGENHARIAS_T2_fixed.html,gexf_html/cached_INCT_68_T2_fixed.html
68,INCT Mar COI - Oceanografia Integrada e Usos Múltiplos da Plataforma Continental e Oceano Adjacente - Centro de Oceanografia Integrada,José Henrique Muelbert,69,gexf_fixed/INCT_69_T2_fixed.gexf,"O INCT INCT Mar COI - Oceanografia Integrada e Usos Múltiplos da Plataforma Continental e Oceano Adjacente - Centro de Oceanografia Integrada Lorem Ipsum is simply dummy text of the printing and typesetting industry. Lorem Ipsum has been the industry's standard dummy text ever since the 1500s, when an unknown printer took a galley of type and scrambled it to make a type specimen book. It has survived not only five centuries, but also the leap into electronic typesetting, remaining essentially unchanged. It was popularised in the 1960s with the release of Letraset sheets containing Lorem Ipsum passages, and more recently with desktop publishing software like Aldus PageMaker including versions of Lorem Ipsum.",Mar_COI_Oceanografia,60,13,46,1,Ciências Exatas e da Terra,EXATAS,gexf_fixed/INCT_EXATAS_T2_fixed.gexf,gexf_html/cached_INCT_EXATAS_T2_fixed.html,gexf_html/cached_INCT_69_T2_fixed.html
69,INCT Microrganismos Promotores do Crescimento de Plantas visando à Sustentabilidade Agrícola e à Responsabilidade Ambiental,Mariangela Hungria da Cunha,70,gexf_fixed/INCT_70_T2_fixed.gexf,"O INCT INCT Microrganismos Promotores do Crescimento de Plantas visando à Sustentabilidade Agrícola e à Responsabilidade Ambiental Lorem Ipsum is simply dummy text of the printing and typesetting industry. Lorem Ipsum has been the industry's standard dummy text ever since the 1500s, when an unknown printer took a galley of type and scrambled it to make a type specimen book. It has survived not only five centuries, but also the leap into electronic typesetting, remaining essentially unchanged. It was popularised in the 1960s with the release of Letraset sheets containing Lorem Ipsum passages, and more recently with desktop publishing software like Aldus PageMaker including versions of Lorem Ipsum.",Microrganismos_Promotores_do,242,135,105,2,Ciências Agrárias e Agronegócios,AGRARIAS,gexf_fixed/INCT_AGRARIAS_T2_fixed.gexf,gexf_html/cached_INCT_AGRARIAS_T2_fixed.html,gexf_html/cached_INCT_70_T2_fixed.html
70,INCT Nanotecnologia Farmacêutica: uma abordagem transdisciplinar (INCT-NANOFARMA),Maria Vitória Lopes Badra Bentley,71,gexf_fixed/INCT_71_T2_fixed.gexf,"O INCT INCT Nanotecnologia Farmacêutica: uma abordagem transdisciplinar (INCT-NANOFARMA) Lorem Ipsum is simply dummy text of the printing and typesetting industry. Lorem Ipsum has been the industry's standard dummy text ever since the 1500s, when an unknown printer took a galley of type and scrambled it to make a type specimen book. It has survived not only five centuries, but also the leap into electronic typesetting, remaining essentially unchanged. It was popularised in the 1960s with the release of Letraset sheets containing Lorem Ipsum passages, and more recently with desktop publishing software like Aldus PageMaker including versions of Lorem Ipsum.",Nanotecnologia_Farmacêutica_um,55,41,14,0,Saúde,SAUDE,gexf_fixed/INCT_SAUDE_T2_fixed.gexf,gexf_html/cached_INCT_SAUDE_T2_fixed.html,gexf_html/cached_INCT_71_T2_fixed.html
71,INCT Neuroimmunomodulação,Wilson Savino,72,gexf_fixed/INCT_72_T2_fixed.gexf,"O INCT INCT Neuroimmunomodulação Lorem Ipsum is simply dummy text of the printing and typesetting industry. Lorem Ipsum has been the industry's standard dummy text ever since the 1500s, when an unknown printer took a galley of type and scrambled it to make a type specimen book. It has survived not only five centuries, but also the leap into electronic typesetting, remaining essentially unchanged. It was popularised in the 1960s with the release of Letraset sheets containing Lorem Ipsum passages, and more recently with desktop publishing software like Aldus PageMaker including versions of Lorem Ipsum.",Neuroimmunomodulação,186,105,77,4,Ciências Biológicas,BIOLOGICAS,gexf_fixed/INCT_BIOLOGICAS_T2_fixed.gexf,gexf_html/cached_INCT_BIOLOGICAS_T2_fixed.html,gexf_html/cached_INCT_72_T2_fixed.html
72,INCT Observatório das Dinâmicas Socioambientais (INCT-ODISSEIA),Marcel Bursztyn,73,gexf_fixed/INCT_73_T2_fixed.gexf,"O INCT INCT Observatório das Dinâmicas Socioambientais (INCT-ODISSEIA) Lorem Ipsum is simply dummy text of the printing and typesetting industry. Lorem Ipsum has been the industry's standard dummy text ever since the 1500s, when an unknown printer took a galley of type and scrambled it to make a type specimen book. It has survived not only five centuries, but also the leap into electronic typesetting, remaining essentially unchanged. It was popularised in the 1960s with the release of Letraset sheets containing Lorem Ipsum passages, and more recently with desktop publishing software like Aldus PageMaker including versions of Lorem Ipsum.",Observatório_das_Dinâmicas,141,67,72,2,"Ciências Humanas, Sociais Aplicadas e Educação",HUMANAS,gexf_fixed/INCT_HUMANAS_T2_fixed.gexf,gexf_html/cached_INCT_HUMANAS_T2_fixed.html,gexf_html/cached_INCT_73_T2_fixed.html
73,INCT Observatório Nacional da Dinâmica da Água e de Carbono no Bioma Caatinga (INCT-ONDACBC),Antonio Celso Dantas Antonino,74,gexf_fixed/INCT_74_T2_fixed.gexf,"O INCT INCT Observatório Nacional da Dinâmica da Água e de Carbono no Bioma Caatinga (INCT-ONDACBC) Lorem Ipsum is simply dummy text of the printing and typesetting industry. Lorem Ipsum has been the industry's standard dummy text ever since the 1500s, when an unknown printer took a galley of type and scrambled it to make a type specimen book. It has survived not only five centuries, but also the leap into electronic typesetting, remaining essentially unchanged. It was popularised in the 1960s with the release of Letraset sheets containing Lorem Ipsum passages, and more recently with desktop publishing software like Aldus PageMaker including versions of Lorem Ipsum.",Observatório_Nacional_da,134,50,84,0,"Engenharias, Energias e Tecnologias da Informação",ENGENHARIAS,gexf_fixed/INCT_ENGENHARIAS_T2_fixed.gexf,gexf_html/cached_INCT_ENGENHARIAS_T2_fixed.html,gexf_html/cached_INCT_74_T2_fixed.html
74,INCT para a Cadeia Produtiva do Leite,Amauri Alcindo Alfieri,75,gexf_fixed/INCT_75_T2_fixed.gexf,"O INCT INCT para a Cadeia Produtiva do Leite Lorem Ipsum is simply dummy text of the printing and typesetting industry. Lorem Ipsum has been the industry's standard dummy text ever since the 1500s, when an unknown printer took a galley of type and scrambled it to make a type specimen book. It has survived not only five centuries, but also the leap into electronic typesetting, remaining essentially unchanged. It was popularised in the 1960s with the release of Letraset sheets containing Lorem Ipsum passages, and more recently with desktop publishing software like Aldus PageMaker including versions of Lorem Ipsum.",para_a_Cadeia,61,23,36,2,Ciências Agrárias e Agronegócios,AGRARIAS,gexf_fixed/INCT_AGRARIAS_T2_fixed.gexf,gexf_html/cached_INCT_AGRARIAS_T2_fixed.html,gexf_html/cached_INCT_75_T2_fixed.html
75,INCT para Adaptações da Biota Aquática da Amazônia (INCT-ADAPTA-II),Adalberto Luis Val,76,gexf_fixed/INCT_76_T2_fixed.gexf,"O INCT INCT para Adaptações da Biota Aquática da Amazônia (INCT-ADAPTA-II) Lorem Ipsum is simply dummy text of the printing and typesetting industry. Lorem Ipsum has been the industry's standard dummy text ever since the 1500s, when an unknown printer took a galley of type and scrambled it to make a type specimen book. It has survived not only five centuries, but also the leap into electronic typesetting, remaining essentially unchanged. It was popularised in the 1960s with the release of Letraset sheets containing Lorem Ipsum passages, and more recently with desktop publishing software like Aldus PageMaker including versions of Lorem Ipsum.",para_Adaptações_da,33,15,17,1,Ciências Biológicas,BIOLOGICAS,gexf_fixed/INCT_BIOLOGICAS_T2_fixed.gexf,gexf_html/cached_INCT_BIOLOGICAS_T2_fixed.html,gexf_html/cached_INCT_76_T2_fixed.html
76,INCT para Avaliação de Tecnologias em Saúde,Carísi Anne Polanczyk,77,gexf_fixed/INCT_77_T2_fixed.gexf,"O INCT INCT para Avaliação de Tecnologias em Saúde Lorem Ipsum is simply dummy text of the printing and typesetting industry. Lorem Ipsum has been the industry's standard dummy text ever since the 1500s, when an unknown printer took a galley of type and scrambled it to make a type specimen book. It has survived not only five centuries, but also the leap into electronic typesetting, remaining essentially unchanged. It was popularised in the 1960s with the release of Letraset sheets containing Lorem Ipsum passages, and more recently with desktop publishing software like Aldus PageMaker including versions of Lorem Ipsum.",para_Avaliação_de,246,166,76,4,Saúde,SAUDE,gexf_fixed/INCT_SAUDE_T2_fixed.gexf,gexf_html/cached_INCT_SAUDE_T2_fixed.html,gexf_html/cached_INCT_77_T2_fixed.html
77,"INCT para Doenças Cerebrais, Excitoxicidade e Neuroproteção",Diogo Onofre Gomes de Souza,78,gexf_fixed/INCT_78_T2_fixed.gexf,"O INCT INCT para Doenças Cerebrais, Excitoxicidade e Neuroproteção Lorem Ipsum is simply dummy text of the printing and typesetting industry. Lorem Ipsum has been the industry's standard dummy text ever since the 1500s, when an unknown printer took a galley of type and scrambled it to make a type specimen book. It has survived not only five centuries, but also the leap into electronic typesetting, remaining essentially unchanged. It was popularised in the 1960s with the release of Letraset sheets containing Lorem Ipsum passages, and more recently with desktop publishing software like Aldus PageMaker including versions of Lorem Ipsum.",para_Doenças_Cerebrais,495,326,158,11,Ciências Biológicas,BIOLOGICAS,gexf_fixed/INCT_BIOLOGICAS_T2_fixed.gexf,gexf_html/cached_INCT_BIOLOGICAS_T2_fixed.html,gexf_html/cached_INCT_78_T2_fixed.html
78,INCT para Engenharia de Software,Augusto Cezar Alves Sampaio,79,gexf_fixed/INCT_79_T2_fixed.gexf,"O INCT INCT para Engenharia de Software Lorem Ipsum is simply dummy text of the printing and typesetting industry. Lorem Ipsum has been the industry's standard dummy text ever since the 1500s, when an unknown printer took a galley of type and scrambled it to make a type specimen book. It has survived not only five centuries, but also the leap into electronic typesetting, remaining essentially unchanged. It was popularised in the 1960s with the release of Letraset sheets containing Lorem Ipsum passages, and more recently with desktop publishing software like Aldus PageMaker including versions of Lorem Ipsum.",para_Engenharia_de,110,21,87,2,Ciências Exatas e da Terra,EXATAS,gexf_fixed/INCT_EXATAS_T2_fixed.gexf,gexf_html/cached_INCT_EXATAS_T2_fixed.html,gexf_html/cached_INCT_79_T2_fixed.html
79,INCT para Estudos sobre os Estados Unidos,Sebastiao Carlos Velasco e Cruz,80,gexf_fixed/INCT_80_T2_fixed.gexf,"O INCT INCT para Estudos sobre os Estados Unidos Lorem Ipsum is simply dummy text of the printing and typesetting industry. Lorem Ipsum has been the industry's standard dummy text ever since the 1500s, when an unknown printer took a galley of type and scrambled it to make a type specimen book. It has survived not only five centuries, but also the leap into electronic typesetting, remaining essentially unchanged. It was popularised in the 1960s with the release of Letraset sheets containing Lorem Ipsum passages, and more recently with desktop publishing software like Aldus PageMaker including versions of Lorem Ipsum.",para_Estudos_sobre,98,41,56,1,"Ciências Humanas, Sociais Aplicadas e Educação",HUMANAS,gexf_fixed/INCT_HUMANAS_T2_fixed.gexf,gexf_html/cached_INCT_HUMANAS_T2_fixed.html,gexf_html/cached_INCT_80_T2_fixed.html
80,INCT para Mudanças Climáticas  (INCT-MC),Jose Antonio Marengo Orsini,81,gexf_fixed/INCT_81_T2_fixed.gexf,"O INCT INCT para Mudanças Climáticas  (INCT-MC) Lorem Ipsum is simply dummy text of the printing and typesetting industry. Lorem Ipsum has been the industry's standard dummy text ever since the 1500s, when an unknown printer took a galley of type and scrambled it to make a type specimen book. It has survived not only five centuries, but also the leap into electronic typesetting, remaining essentially unchanged. It was popularised in the 1960s with the release of Letraset sheets containing Lorem Ipsum passages, and more recently with desktop publishing software like Aldus PageMaker including versions of Lorem Ipsum.",para_Mudanças_Climáticas,250,112,138,0,Ciências Exatas e da Terra,EXATAS,gexf_fixed/INCT_EXATAS_T2_fixed.gexf,gexf_html/cached_INCT_EXATAS_T2_fixed.html,gexf_html/cached_INCT_81_T2_fixed.html
81,INCT para o Controle Biorracional de Inseto Pragas e Fitopatógenos,Maria Fatima das Gracas Fernandes da Silva,82,gexf_fixed/INCT_82_T2_fixed.gexf,"O INCT INCT para o Controle Biorracional de Inseto Pragas e Fitopatógenos Lorem Ipsum is simply dummy text of the printing and typesetting industry. Lorem Ipsum has been the industry's standard dummy text ever since the 1500s, when an unknown printer took a galley of type and scrambled it to make a type specimen book. It has survived not only five centuries, but also the leap into electronic typesetting, remaining essentially unchanged. It was popularised in the 1960s with the release of Letraset sheets containing Lorem Ipsum passages, and more recently with desktop publishing software like Aldus PageMaker including versions of Lorem Ipsum.",para_o_Controle,52,19,32,1,Ciências Exatas e da Terra,EXATAS,gexf_fixed/INCT_EXATAS_T2_fixed.gexf,gexf_html/cached_INCT_EXATAS_T2_fixed.html,gexf_html/cached_INCT_82_T2_fixed.html
82,INCT para Sistemas Autônomos Cooperativos Aplicados em Segurança e Meio Ambiente,Marco Henrique Terra,83,gexf_fixed/INCT_83_T2_fixed.gexf,"O INCT INCT para Sistemas Autônomos Cooperativos Aplicados em Segurança e Meio Ambiente Lorem Ipsum is simply dummy text of the printing and typesetting industry. Lorem Ipsum has been the industry's standard dummy text ever since the 1500s, when an unknown printer took a galley of type and scrambled it to make a type specimen book. It has survived not only five centuries, but also the leap into electronic typesetting, remaining essentially unchanged. It was popularised in the 1960s with the release of Letraset sheets containing Lorem Ipsum passages, and more recently with desktop publishing software like Aldus PageMaker including versions of Lorem Ipsum.",para_Sistemas_Autônomos,39,4,34,1,"Engenharias, Energias e Tecnologias da Informação",ENGENHARIAS,gexf_fixed/INCT_ENGENHARIAS_T2_fixed.gexf,gexf_html/cached_INCT_ENGENHARIAS_T2_fixed.html,gexf_html/cached_INCT_83_T2_fixed.html
83,INCT Processamento e Aplicação de Ìmãs de Terras Raras para Indústria de Alta Tecnologia (INCT-PATRIA),Fernando Jose Gomes Landgraf,84,gexf_fixed/INCT_84_T2_fixed.gexf,"O INCT INCT Processamento e Aplicação de Ìmãs de Terras Raras para Indústria de Alta Tecnologia (INCT-PATRIA) Lorem Ipsum is simply dummy text of the printing and typesetting industry. Lorem Ipsum has been the industry's standard dummy text ever since the 1500s, when an unknown printer took a galley of type and scrambled it to make a type specimen book. It has survived not only five centuries, but also the leap into electronic typesetting, remaining essentially unchanged. It was popularised in the 1960s with the release of Letraset sheets containing Lorem Ipsum passages, and more recently with desktop publishing software like Aldus PageMaker including versions of Lorem Ipsum.",Processamento_e_Aplicação,132,36,94,2,"Engenharias, Energias e Tecnologias da Informação",ENGENHARIAS,gexf_fixed/INCT_ENGENHARIAS_T2_fixed.gexf,gexf_html/cached_INCT_ENGENHARIAS_T2_fixed.html,gexf_html/cached_INCT_84_T2_fixed.html
84,INCT Rede Norte Nordeste de Fitoprodutos (INCT-Rennofito),Marcelo Sobral da Silva,85,gexf_fixed/INCT_85_T2_fixed.gexf,"O INCT INCT Rede Norte Nordeste de Fitoprodutos (INCT-Rennofito) Lorem Ipsum is simply dummy text of the printing and typesetting industry. Lorem Ipsum has been the industry's standard dummy text ever since the 1500s, when an unknown printer took a galley of type and scrambled it to make a type specimen book. It has survived not only five centuries, but also the leap into electronic typesetting, remaining essentially unchanged. It was popularised in the 1960s with the release of Letraset sheets containing Lorem Ipsum passages, and more recently with desktop publishing software like Aldus PageMaker including versions of Lorem Ipsum.",Rede_Norte_Nordeste,167,84,83,0,Saúde,SAUDE,gexf_fixed/INCT_SAUDE_T2_fixed.gexf,gexf_html/cached_INCT_SAUDE_T2_fixed.html,gexf_html/cached_INCT_85_T2_fixed.html
85,"INCT sobre Comportamento, Cognição e Ensino: Aprendizagem Relacional e Funcionamento Simbólico  (INCT-ECCE)",Deisy das Graças de Souza,86,gexf_fixed/INCT_86_T2_fixed.gexf,"O INCT INCT sobre Comportamento, Cognição e Ensino: Aprendizagem Relacional e Funcionamento Simbólico  (INCT-ECCE) Lorem Ipsum is simply dummy text of the printing and typesetting industry. Lorem Ipsum has been the industry's standard dummy text ever since the 1500s, when an unknown printer took a galley of type and scrambled it to make a type specimen book. It has survived not only five centuries, but also the leap into electronic typesetting, remaining essentially unchanged. It was popularised in the 1960s with the release of Letraset sheets containing Lorem Ipsum passages, and more recently with desktop publishing software like Aldus PageMaker including versions of Lorem Ipsum.",sobre_Comportamento_Cognição,73,45,28,0,"Ciências Humanas, Sociais Aplicadas e Educação",HUMANAS,gexf_fixed/INCT_HUMANAS_T2_fixed.gexf,gexf_html/cached_INCT_HUMANAS_T2_fixed.html,gexf_html/cached_INCT_86_T2_fixed.html
86,INCT Tecnologia GNSS no suporte à Navegação Aérea,Joao Francisco Galera Monico,87,gexf_fixed/INCT_87_T2_fixed.gexf,"O INCT INCT Tecnologia GNSS no suporte à Navegação Aérea Lorem Ipsum is simply dummy text of the printing and typesetting industry. Lorem Ipsum has been the industry's standard dummy text ever since the 1500s, when an unknown printer took a galley of type and scrambled it to make a type specimen book. It has survived not only five centuries, but also the leap into electronic typesetting, remaining essentially unchanged. It was popularised in the 1960s with the release of Letraset sheets containing Lorem Ipsum passages, and more recently with desktop publishing software like Aldus PageMaker including versions of Lorem Ipsum.",Tecnologia_GNSS_no,67,6,61,0,"Engenharias, Energias e Tecnologias da Informação",ENGENHARIAS,gexf_fixed/INCT_ENGENHARIAS_T2_fixed.gexf,gexf_html/cached_INCT_ENGENHARIAS_T2_fixed.html,gexf_html/cached_INCT_87_T2_fixed.html
87,INCT Tecnologias Ambientais Para a Valoração de Resíduos e Materiais Renováveis (INCT-MIDAS),Rochel Montero Lago,88,gexf_fixed/INCT_88_T2_fixed.gexf,"O INCT INCT Tecnologias Ambientais Para a Valoração de Resíduos e Materiais Renováveis (INCT-MIDAS) Lorem Ipsum is simply dummy text of the printing and typesetting industry. Lorem Ipsum has been the industry's standard dummy text ever since the 1500s, when an unknown printer took a galley of type and scrambled it to make a type specimen book. It has survived not only five centuries, but also the leap into electronic typesetting, remaining essentially unchanged. It was popularised in the 1960s with the release of Letraset sheets containing Lorem Ipsum passages, and more recently with desktop publishing software like Aldus PageMaker including versions of Lorem Ipsum.",Tecnologias_Ambientais_Para,111,64,42,5,Ciências Exatas e da Terra,EXATAS,gexf_fixed/INCT_EXATAS_T2_fixed.gexf,gexf_html/cached_INCT_EXATAS_T2_fixed.html,gexf_html/cached_INCT_88_T2_fixed.html
88,INCT Tecnologias Ecoeficientes Avançadas em Produtos Cimenticios,Vanderley Moacyr John,89,gexf_fixed/INCT_89_T2_fixed.gexf,"O INCT INCT Tecnologias Ecoeficientes Avançadas em Produtos Cimenticios Lorem Ipsum is simply dummy text of the printing and typesetting industry. Lorem Ipsum has been the industry's standard dummy text ever since the 1500s, when an unknown printer took a galley of type and scrambled it to make a type specimen book. It has survived not only five centuries, but also the leap into electronic typesetting, remaining essentially unchanged. It was popularised in the 1960s with the release of Letraset sheets containing Lorem Ipsum passages, and more recently with desktop publishing software like Aldus PageMaker including versions of Lorem Ipsum.",Tecnologias_Ecoeficientes_Avan,48,18,30,0,"Engenharias, Energias e Tecnologias da Informação",ENGENHARIAS,gexf_fixed/INCT_ENGENHARIAS_T2_fixed.gexf,gexf_html/cached_INCT_ENGENHARIAS_T2_fixed.html,gexf_html/cached_INCT_89_T2_fixed.html
89,INCT Translacional em Medicina,Jaime Eduardo Cecilio Hallak,90,gexf_fixed/INCT_90_T2_fixed.gexf,"O INCT INCT Translacional em Medicina Lorem Ipsum is simply dummy text of the printing and typesetting industry. Lorem Ipsum has been the industry's standard dummy text ever since the 1500s, when an unknown printer took a galley of type and scrambled it to make a type specimen book. It has survived not only five centuries, but also the leap into electronic typesetting, remaining essentially unchanged. It was popularised in the 1960s with the release of Letraset sheets containing Lorem Ipsum passages, and more recently with desktop publishing software like Aldus PageMaker including versions of Lorem Ipsum.",Translacional_em_Medicina,80,32,46,2,Ciências Biológicas,BIOLOGICAS,gexf_fixed/INCT_BIOLOGICAS_T2_fixed.gexf,gexf_html/cached_INCT_BIOLOGICAS_T2_fixed.html,gexf_html/cached_INCT_90_T2_fixed.html
90,INCT Virtual da Flora e dos Fungos,Leonor Costa Maia,91,gexf_fixed/INCT_91_T2_fixed.gexf,"O INCT INCT Virtual da Flora e dos Fungos Lorem Ipsum is simply dummy text of the printing and typesetting industry. Lorem Ipsum has been the industry's standard dummy text ever since the 1500s, when an unknown printer took a galley of type and scrambled it to make a type specimen book. It has survived not only five centuries, but also the leap into electronic typesetting, remaining essentially unchanged. It was popularised in the 1960s with the release of Letraset sheets containing Lorem Ipsum passages, and more recently with desktop publishing software like Aldus PageMaker including versions of Lorem Ipsum.",Virtual_da_Flora,150,85,62,3,Ciências Biológicas,BIOLOGICAS,gexf_fixed/INCT_BIOLOGICAS_T2_fixed.gexf,gexf_html/cached_INCT_BIOLOGICAS_T2_fixed.html,gexf_html/cached_INCT_91_T2_fixed.html
91,INCT de Fármacos e Medicamentos,Lidia Moreira Lima,92,gexf_fixed/INCT_92_T2_fixed.gexf,"O INCT INCT de Fármacos e Medicamentos Lorem Ipsum is simply dummy text of the printing and typesetting industry. Lorem Ipsum has been the industry's standard dummy text ever since the 1500s, when an unknown printer took a galley of type and scrambled it to make a type specimen book. It has survived not only five centuries, but also the leap into electronic typesetting, remaining essentially unchanged. It was popularised in the 1960s with the release of Letraset sheets containing Lorem Ipsum passages, and more recently with desktop publishing software like Aldus PageMaker including versions of Lorem Ipsum.",de_Fármacos_e,63,29,34,0,Ciências Exatas e da Terra,EXATAS,gexf_fixed/INCT_EXATAS_T2_fixed.gexf,gexf_html/cached_INCT_EXATAS_T2_fixed.html,gexf_html/cached_INCT_92_T2_fixed.html
92,INCT de Bioanalítica,Marco Aurélio Zezzi Arruda,93,gexf_fixed/INCT_93_T2_fixed.gexf,"O INCT INCT de Bioanalítica Lorem Ipsum is simply dummy text of the printing and typesetting industry. Lorem Ipsum has been the industry's standard dummy text ever since the 1500s, when an unknown printer took a galley of type and scrambled it to make a type specimen book. It has survived not only five centuries, but also the leap into electronic typesetting, remaining essentially unchanged. It was popularised in the 1960s with the release of Letraset sheets containing Lorem Ipsum passages, and more recently with desktop publishing software like Aldus PageMaker including versions of Lorem Ipsum.",de_Bioanalítica,43,13,30,0,Ciências Exatas e da Terra,EXATAS,gexf_fixed/INCT_EXATAS_T2_fixed.gexf,gexf_html/cached_INCT_EXATAS_T2_fixed.html,gexf_html/cached_INCT_93_T2_fixed.html
93,INCT em Teranóstica e Nanobiotecnologia (INCT-TeraNano),Carlos Ueira-Vieira,94,gexf_fixed/INCT_94_T2_fixed.gexf,"O INCT INCT em Teranóstica e Nanobiotecnologia (INCT-TeraNano) Lorem Ipsum is simply dummy text of the printing and typesetting industry. Lorem Ipsum has been the industry's standard dummy text ever since the 1500s, when an unknown printer took a galley of type and scrambled it to make a type specimen book. It has survived not only five centuries, but also the leap into electronic typesetting, remaining essentially unchanged. It was popularised in the 1960s with the release of Letraset sheets containing Lorem Ipsum passages, and more recently with desktop publishing software like Aldus PageMaker including versions of Lorem Ipsum.",em_Teranóstica_e,218,123,94,1,Saúde,SAUDE,gexf_fixed/INCT_SAUDE_T2_fixed.gexf,gexf_html/cached_INCT_SAUDE_T2_fixed.html,gexf_html/cached_INCT_94_T2_fixed.html
94,INCT de Oncogenômica e Inovação Terapêutica,Dirce Maria Carraro,95,gexf_fixed/INCT_95_T2_fixed.gexf,"O INCT INCT de Oncogenômica e Inovação Terapêutica Lorem Ipsum is simply dummy text of the printing and typesetting industry. Lorem Ipsum has been the industry's standard dummy text ever since the 1500s, when an unknown printer took a galley of type and scrambled it to make a type specimen book. It has survived not only five centuries, but also the leap into electronic typesetting, remaining essentially unchanged. It was popularised in the 1960s with the release of Letraset sheets containing Lorem Ipsum passages, and more recently with desktop publishing software like Aldus PageMaker including versions of Lorem Ipsum.",de_Oncogenômica_e,152,90,61,1,Saúde,SAUDE,gexf_fixed/INCT_SAUDE_T2_fixed.gexf,gexf_html/cached_INCT_SAUDE_T2_fixed.html,gexf_html/cached_INCT_95_T2_fixed.html
95,INCT de Energia Elétrica (INCT-INERGE),Moisés Vidal Ribeiro,96,gexf_fixed/INCT_96_T2_fixed.gexf,"O INCT INCT de Energia Elétrica (INCT-INERGE) Lorem Ipsum is simply dummy text of the printing and typesetting industry. Lorem Ipsum has been the industry's standard dummy text ever since the 1500s, when an unknown printer took a galley of type and scrambled it to make a type specimen book. It has survived not only five centuries, but also the leap into electronic typesetting, remaining essentially unchanged. It was popularised in the 1960s with the release of Letraset sheets containing Lorem Ipsum passages, and more recently with desktop publishing software like Aldus PageMaker including versions of Lorem Ipsum.",de_Energia_Elétrica,124,17,107,0,"Engenharias, Energias e Tecnologias da Informação",ENGENHARIAS,gexf_fixed/INCT_ENGENHARIAS_T2_fixed.gexf,gexf_html/cached_INCT_ENGENHARIAS_T2_fixed.html,gexf_html/cached_INCT_96_T2_fixed.html
96,INCT Estações Sustentáveis de Tratamento de Esgoto  (INCT-ETEs sustentáveis),César Rossas Mota Filho,97,gexf_fixed/INCT_97_T2_fixed.gexf,"O INCT INCT Estações Sustentáveis de Tratamento de Esgoto  (INCT-ETEs sustentáveis) Lorem Ipsum is simply dummy text of the printing and typesetting industry. Lorem Ipsum has been the industry's standard dummy text ever since the 1500s, when an unknown printer took a galley of type and scrambled it to make a type specimen book. It has survived not only five centuries, but also the leap into electronic typesetting, remaining essentially unchanged. It was popularised in the 1960s with the release of Letraset sheets containing Lorem Ipsum passages, and more recently with desktop publishing software like Aldus PageMaker including versions of Lorem Ipsum.",Estações_Sustentáveis_de,85,44,40,1,"Engenharias, Energias e Tecnologias da Informação",ENGENHARIAS,gexf_fixed/INCT_ENGENHARIAS_T2_fixed.gexf,gexf_html/cached_INCT_ENGENHARIAS_T2_fixed.html,gexf_html/cached_INCT_97_T2_fixed.html
97,INCT em Geração Distribuída de Energia Elétrica,Cassiano Rech,98,gexf_fixed/INCT_98_T2_fixed.gexf,"O INCT INCT em Geração Distribuída de Energia Elétrica Lorem Ipsum is simply dummy text of the printing and typesetting industry. Lorem Ipsum has been the industry's standard dummy text ever since the 1500s, when an unknown printer took a galley of type and scrambled it to make a type specimen book. It has survived not only five centuries, but also the leap into electronic typesetting, remaining essentially unchanged. It was popularised in the 1960s with the release of Letraset sheets containing Lorem Ipsum passages, and more recently with desktop publishing software like Aldus PageMaker including versions of Lorem Ipsum.",em_Geração_Distribuída,72,5,67,0,"Engenharias, Energias e Tecnologias da Informação",ENGENHARIAS,gexf_fixed/INCT_ENGENHARIAS_T2_fixed.gexf,gexf_html/cached_INCT_ENGENHARIAS_T2_fixed.html,gexf_html/cached_INCT_98_T2_fixed.html
98,INCT de Catálise em Sistemas Moleculares e Nanoestruturados,Hugo Alejandro Gallardo Olmedo,99,gexf_fixed/INCT_99_T2_fixed.gexf,"O INCT INCT de Catálise em Sistemas Moleculares e Nanoestruturados Lorem Ipsum is simply dummy text of the printing and typesetting industry. Lorem Ipsum has been the industry's standard dummy text ever since the 1500s, when an unknown printer took a galley of type and scrambled it to make a type specimen book. It has survived not only five centuries, but also the leap into electronic typesetting, remaining essentially unchanged. It was popularised in the 1960s with the release of Letraset sheets containing Lorem Ipsum passages, and more recently with desktop publishing software like Aldus PageMaker including versions of Lorem Ipsum.",de_Catálise_em,53,10,43,0,Ciências Exatas e da Terra,EXATAS,gexf_fixed/INCT_EXATAS_T2_fixed.gexf,gexf_html/cached_INCT_EXATAS_T2_fixed.html,gexf_html/cached_INCT_99_T2_fixed.html
99,INCT em Refrigeração e Termofísica,Jader Riso Barbosa Júnior,100,gexf_fixed/INCT_100_T2_fixed.gexf,"O INCT INCT em Refrigeração e Termofísica Lorem Ipsum is simply dummy text of the printing and typesetting industry. Lorem Ipsum has been the industry's standard dummy text ever since the 1500s, when an unknown printer took a galley of type and scrambled it to make a type specimen book. It has survived not only five centuries, but also the leap into electronic typesetting, remaining essentially unchanged. It was popularised in the 1960s with the release of Letraset sheets containing Lorem Ipsum passages, and more recently with desktop publishing software like Aldus PageMaker including versions of Lorem Ipsum.",em_Refrigeração_e,83,10,73,0,"Engenharias, Energias e Tecnologias da Informação",ENGENHARIAS,gexf_fixed/INCT_ENGENHARIAS_T2_fixed.gexf,gexf_html/cached_INCT_ENGENHARIAS_T2_fixed.html,gexf_html/cached_INCT_100_T2_fixed.html
100,INCT em Tuberculose,Luiz Augusto Basso,101,gexf_fixed/INCT_101_T2_fixed.gexf,"O INCT INCT em Tuberculose Lorem Ipsum is simply dummy text of the printing and typesetting industry. Lorem Ipsum has been the industry's standard dummy text ever since the 1500s, when an unknown printer took a galley of type and scrambled it to make a type specimen book. It has survived not only five centuries, but also the leap into electronic typesetting, remaining essentially unchanged. It was popularised in the 1960s with the release of Letraset sheets containing Lorem Ipsum passages, and more recently with desktop publishing software like Aldus PageMaker including versions of Lorem Ipsum.",em_Tuberculose,58,28,30,0,Ciências Biológicas,BIOLOGICAS,gexf_fixed/INCT_BIOLOGICAS_T2_fixed.gexf,gexf_html/cached_INCT_BIOLOGICAS_T2_fixed.html,gexf_html/cached_INCT_101_T2_fixed.html
101,"INCT AS METRÓPOLES E O DIREITO À CIDADE: conhecimento, inovação e ação para o desenvolvimento urbano - Programa de Pesquisa da Rede Observatório das Metrópoles 2015-2020",Luiz Cesar de Queiroz Ribeiro,102,gexf_fixed/INCT_102_T2_fixed.gexf,"O INCT INCT AS METRÓPOLES E O DIREITO À CIDADE: conhecimento, inovação e ação para o desenvolvimento urbano - Programa de Pesquisa da Rede Observatório das Metrópoles 2015-2020 Lorem Ipsum is simply dummy text of the printing and typesetting industry. Lorem Ipsum has been the industry's standard dummy text ever since the 1500s, when an unknown printer took a galley of type and scrambled it to make a type specimen book. It has survived not only five centuries, but also the leap into electronic typesetting, remaining essentially unchanged. It was popularised in the 1960s with the release of Letraset sheets containing Lorem Ipsum passages, and more recently with desktop publishing software like Aldus PageMaker including versions of Lorem Ipsum.",AS_METRÓPOLES_E,10,3,7,0,"Ciências Humanas, Sociais Aplicadas e Educação",HUMANAS,gexf_fixed/INCT_HUMANAS_T2_fixed.gexf,gexf_html/cached_INCT_HUMANAS_T2_fixed.html,gexf_html/cached_INCT_102_T2_fixed.html
102,"INCT em Áreas Úmidas II: Inovações em Pesquisa, Manejo e Políticas Públicas em Áreas Úmidas  (INCT-INAU II)",Paulo Teixeira de Sousa Júnior,103,gexf_fixed/INCT_103_T2_fixed.gexf,"O INCT INCT em Áreas Úmidas II: Inovações em Pesquisa, Manejo e Políticas Públicas em Áreas Úmidas  (INCT-INAU II) Lorem Ipsum is simply dummy text of the printing and typesetting industry. Lorem Ipsum has been the industry's standard dummy text ever since the 1500s, when an unknown printer took a galley of type and scrambled it to make a type specimen book. It has survived not only five centuries, but also the leap into electronic typesetting, remaining essentially unchanged. It was popularised in the 1960s with the release of Letraset sheets containing Lorem Ipsum passages, and more recently with desktop publishing software like Aldus PageMaker including versions of Lorem Ipsum.",em_Áreas_Úmidas,58,19,39,0,Ecologia e Meio Ambiente,ECOLOGIA,gexf_fixed/INCT_ECOLOGIA_T2_fixed.gexf,gexf_html/cached_INCT_ECOLOGIA_T2_fixed.html,gexf_html/cached_INCT_103_T2_fixed.html
