,nome_inct,area,coordenador,Identificador,path_gexf,texto
28,"INCT Alternativas para Detecção, Avaliação Toxicológica e Remoção de Micropoluentes e Radioativos (INCT-DATREM)",Ciências Exatas e da Terra,Maria Valnice Boldrin Zanoni,1,gexf_fixed/INCT_1_T2_fixed.gexf,"O INCT INCT Alternativas para Detecção, Avaliação Toxicológica e Remoção de Micropoluentes e Radioativos (INCT-DATREM) Lorem Ipsum is simply dummy text of the printing and typesetting industry. Lorem Ipsum has been the industry's standard dummy text ever since the 1500s, when an unknown printer took a galley of type and scrambled it to make a type specimen book. It has survived not only five centuries, but also the leap into electronic typesetting, remaining essentially unchanged. It was popularised in the 1960s with the release of Letraset sheets containing Lorem Ipsum passages, and more recently with desktop publishing software like Aldus PageMaker including versions of Lorem Ipsum."
40,INCT Analíticas Avançadas (INCT-AA),Ciências Exatas e da Terra,Celio Pasquini,2,gexf_fixed/INCT_2_T2_fixed.gexf,"O INCT INCT Analíticas Avançadas (INCT-AA) Lorem Ipsum is simply dummy text of the printing and typesetting industry. Lorem Ipsum has been the industry's standard dummy text ever since the 1500s, when an unknown printer took a galley of type and scrambled it to make a type specimen book. It has survived not only five centuries, but also the leap into electronic typesetting, remaining essentially unchanged. It was popularised in the 1960s with the release of Letraset sheets containing Lorem Ipsum passages, and more recently with desktop publishing software like Aldus PageMaker including versions of Lorem Ipsum."
34,INCT Ativos Biotecnológicos Aplicados à Seca e Pragas de Culturas Relevantes ao Agronegócio,Ciências Biológicas,Maria Fatima Grossi de Sa,3,gexf_fixed/INCT_3_T2_fixed.gexf,"O INCT INCT Ativos Biotecnológicos Aplicados à Seca e Pragas de Culturas Relevantes ao Agronegócio Lorem Ipsum is simply dummy text of the printing and typesetting industry. Lorem Ipsum has been the industry's standard dummy text ever since the 1500s, when an unknown printer took a galley of type and scrambled it to make a type specimen book. It has survived not only five centuries, but also the leap into electronic typesetting, remaining essentially unchanged. It was popularised in the 1960s with the release of Letraset sheets containing Lorem Ipsum passages, and more recently with desktop publishing software like Aldus PageMaker including versions of Lorem Ipsum."
54,INCT Biologia Sintetica,Ciências Biológicas,Elibio Leopoldo Rech Filho,4,gexf_fixed/INCT_4_T2_fixed.gexf,"O INCT INCT Biologia Sintetica Lorem Ipsum is simply dummy text of the printing and typesetting industry. Lorem Ipsum has been the industry's standard dummy text ever since the 1500s, when an unknown printer took a galley of type and scrambled it to make a type specimen book. It has survived not only five centuries, but also the leap into electronic typesetting, remaining essentially unchanged. It was popularised in the 1960s with the release of Letraset sheets containing Lorem Ipsum passages, and more recently with desktop publishing software like Aldus PageMaker including versions of Lorem Ipsum."
77,INCT Brasil Plural,"Ciências Humanas, Sociais Aplicadas e Educação",Esther Jean Langdon,5,gexf_fixed/INCT_5_T2_fixed.gexf,"O INCT INCT Brasil Plural Lorem Ipsum is simply dummy text of the printing and typesetting industry. Lorem Ipsum has been the industry's standard dummy text ever since the 1500s, when an unknown printer took a galley of type and scrambled it to make a type specimen book. It has survived not only five centuries, but also the leap into electronic typesetting, remaining essentially unchanged. It was popularised in the 1960s with the release of Letraset sheets containing Lorem Ipsum passages, and more recently with desktop publishing software like Aldus PageMaker including versions of Lorem Ipsum."
102,INCT Centro de Química Medicinal de Acesso Aberto,Ciências Biológicas,Paulo Arruda,6,gexf_fixed/INCT_6_T2_fixed.gexf,"O INCT INCT Centro de Química Medicinal de Acesso Aberto Lorem Ipsum is simply dummy text of the printing and typesetting industry. Lorem Ipsum has been the industry's standard dummy text ever since the 1500s, when an unknown printer took a galley of type and scrambled it to make a type specimen book. It has survived not only five centuries, but also the leap into electronic typesetting, remaining essentially unchanged. It was popularised in the 1960s with the release of Letraset sheets containing Lorem Ipsum passages, and more recently with desktop publishing software like Aldus PageMaker including versions of Lorem Ipsum."
58,INCT Ciências Forenses,Ecologia e Meio Ambiente,Roberto Esser dos Reis,7,gexf_fixed/INCT_7_T2_fixed.gexf,"O INCT INCT Ciências Forenses Lorem Ipsum is simply dummy text of the printing and typesetting industry. Lorem Ipsum has been the industry's standard dummy text ever since the 1500s, when an unknown printer took a galley of type and scrambled it to make a type specimen book. It has survived not only five centuries, but also the leap into electronic typesetting, remaining essentially unchanged. It was popularised in the 1960s with the release of Letraset sheets containing Lorem Ipsum passages, and more recently with desktop publishing software like Aldus PageMaker including versions of Lorem Ipsum."
2,INCT da Criosfera,Ecologia e Meio Ambiente,Jefferson Cardia Simões,8,gexf_fixed/INCT_8_T2_fixed.gexf,"O INCT INCT da Criosfera Lorem Ipsum is simply dummy text of the printing and typesetting industry. Lorem Ipsum has been the industry's standard dummy text ever since the 1500s, when an unknown printer took a galley of type and scrambled it to make a type specimen book. It has survived not only five centuries, but also the leap into electronic typesetting, remaining essentially unchanged. It was popularised in the 1960s with the release of Letraset sheets containing Lorem Ipsum passages, and more recently with desktop publishing software like Aldus PageMaker including versions of Lorem Ipsum."
84,INCT da Internet do Futuro,Ciências Exatas e da Terra,Fabio Kon,9,gexf_fixed/INCT_9_T2_fixed.gexf,"O INCT INCT da Internet do Futuro Lorem Ipsum is simply dummy text of the printing and typesetting industry. Lorem Ipsum has been the industry's standard dummy text ever since the 1500s, when an unknown printer took a galley of type and scrambled it to make a type specimen book. It has survived not only five centuries, but also the leap into electronic typesetting, remaining essentially unchanged. It was popularised in the 1960s with the release of Letraset sheets containing Lorem Ipsum passages, and more recently with desktop publishing software like Aldus PageMaker including versions of Lorem Ipsum."
91,"INCT de Arqueologia, Paleontologia e Ambiente do Semi-Árido do Nordeste do Brasil","Ciências Humanas, Sociais Aplicadas e Educação",Anne Marie Pessis,10,gexf_fixed/INCT_10_T2_fixed.gexf,"O INCT INCT de Arqueologia, Paleontologia e Ambiente do Semi-Árido do Nordeste do Brasil Lorem Ipsum is simply dummy text of the printing and typesetting industry. Lorem Ipsum has been the industry's standard dummy text ever since the 1500s, when an unknown printer took a galley of type and scrambled it to make a type specimen book. It has survived not only five centuries, but also the leap into electronic typesetting, remaining essentially unchanged. It was popularised in the 1960s with the release of Letraset sheets containing Lorem Ipsum passages, and more recently with desktop publishing software like Aldus PageMaker including versions of Lorem Ipsum."
37,INCT de Bioinspiração - Moléculas bioinspiradas aplicadas ao incremento e qualidade da produção de proteína animal (INCT-Bioinspir) ,Ciências Biológicas,Octavio Luiz Franco,11,gexf_fixed/INCT_11_T2_fixed.gexf,"O INCT INCT de Bioinspiração - Moléculas bioinspiradas aplicadas ao incremento e qualidade da produção de proteína animal (INCT-Bioinspir)  Lorem Ipsum is simply dummy text of the printing and typesetting industry. Lorem Ipsum has been the industry's standard dummy text ever since the 1500s, when an unknown printer took a galley of type and scrambled it to make a type specimen book. It has survived not only five centuries, but also the leap into electronic typesetting, remaining essentially unchanged. It was popularised in the 1960s with the release of Letraset sheets containing Lorem Ipsum passages, and more recently with desktop publishing software like Aldus PageMaker including versions of Lorem Ipsum."
13,INCT de Biologia Estrutural e Bioimagem,Ciências Biológicas,Jerson Lima da Silva,12,gexf_fixed/INCT_12_T2_fixed.gexf,"O INCT INCT de Biologia Estrutural e Bioimagem Lorem Ipsum is simply dummy text of the printing and typesetting industry. Lorem Ipsum has been the industry's standard dummy text ever since the 1500s, when an unknown printer took a galley of type and scrambled it to make a type specimen book. It has survived not only five centuries, but also the leap into electronic typesetting, remaining essentially unchanged. It was popularised in the 1960s with the release of Letraset sheets containing Lorem Ipsum passages, and more recently with desktop publishing software like Aldus PageMaker including versions of Lorem Ipsum."
92,INCT de Biomarcadores em Neuropsiquiatria (INCT-INBioN),Saúde,Wagner Farid Gattaz,13,gexf_fixed/INCT_13_T2_fixed.gexf,"O INCT INCT de Biomarcadores em Neuropsiquiatria (INCT-INBioN) Lorem Ipsum is simply dummy text of the printing and typesetting industry. Lorem Ipsum has been the industry's standard dummy text ever since the 1500s, when an unknown printer took a galley of type and scrambled it to make a type specimen book. It has survived not only five centuries, but also the leap into electronic typesetting, remaining essentially unchanged. It was popularised in the 1960s with the release of Letraset sheets containing Lorem Ipsum passages, and more recently with desktop publishing software like Aldus PageMaker including versions of Lorem Ipsum."
4,INCT de Ciência Animal,Ciências Agrárias e Agronegócios,Sebastiao de Campos Valadares Filho,14,gexf_fixed/INCT_14_T2_fixed.gexf,"O INCT INCT de Ciência Animal Lorem Ipsum is simply dummy text of the printing and typesetting industry. Lorem Ipsum has been the industry's standard dummy text ever since the 1500s, when an unknown printer took a galley of type and scrambled it to make a type specimen book. It has survived not only five centuries, but also the leap into electronic typesetting, remaining essentially unchanged. It was popularised in the 1960s with the release of Letraset sheets containing Lorem Ipsum passages, and more recently with desktop publishing software like Aldus PageMaker including versions of Lorem Ipsum."
97,INCT de Doenças Tropicais,Saúde,Edgar Marcelino de Carvalho Filho,15,gexf_fixed/INCT_15_T2_fixed.gexf,"O INCT INCT de Doenças Tropicais Lorem Ipsum is simply dummy text of the printing and typesetting industry. Lorem Ipsum has been the industry's standard dummy text ever since the 1500s, when an unknown printer took a galley of type and scrambled it to make a type specimen book. It has survived not only five centuries, but also the leap into electronic typesetting, remaining essentially unchanged. It was popularised in the 1960s with the release of Letraset sheets containing Lorem Ipsum passages, and more recently with desktop publishing software like Aldus PageMaker including versions of Lorem Ipsum."
42,INCT de Energia e Ambiente,Ciências Exatas e da Terra,Jailson Bittencourt de Andrade,16,gexf_fixed/INCT_16_T2_fixed.gexf,"O INCT INCT de Energia e Ambiente Lorem Ipsum is simply dummy text of the printing and typesetting industry. Lorem Ipsum has been the industry's standard dummy text ever since the 1500s, when an unknown printer took a galley of type and scrambled it to make a type specimen book. It has survived not only five centuries, but also the leap into electronic typesetting, remaining essentially unchanged. It was popularised in the 1960s with the release of Letraset sheets containing Lorem Ipsum passages, and more recently with desktop publishing software like Aldus PageMaker including versions of Lorem Ipsum."
94,INCT de Energias Oceânicas e Fluviais (INCT-INEOF),"Engenharias, Energias e Tecnologias da Informação",Osvaldo Ronald Saavedra Mendez,17,gexf_fixed/INCT_17_T2_fixed.gexf,"O INCT INCT de Energias Oceânicas e Fluviais (INCT-INEOF) Lorem Ipsum is simply dummy text of the printing and typesetting industry. Lorem Ipsum has been the industry's standard dummy text ever since the 1500s, when an unknown printer took a galley of type and scrambled it to make a type specimen book. It has survived not only five centuries, but also the leap into electronic typesetting, remaining essentially unchanged. It was popularised in the 1960s with the release of Letraset sheets containing Lorem Ipsum passages, and more recently with desktop publishing software like Aldus PageMaker including versions of Lorem Ipsum."
65,INCT de Engenharia de Superfícies,Ciências Exatas e da Terra,Fernando Lázaro Freire Junior,18,gexf_fixed/INCT_18_T2_fixed.gexf,"O INCT INCT de Engenharia de Superfícies Lorem Ipsum is simply dummy text of the printing and typesetting industry. Lorem Ipsum has been the industry's standard dummy text ever since the 1500s, when an unknown printer took a galley of type and scrambled it to make a type specimen book. It has survived not only five centuries, but also the leap into electronic typesetting, remaining essentially unchanged. It was popularised in the 1960s with the release of Letraset sheets containing Lorem Ipsum passages, and more recently with desktop publishing software like Aldus PageMaker including versions of Lorem Ipsum."
22,INCT de Entomologia Molecular,Ciências Biológicas,Pedro Lagerblad de Oliveira,19,gexf_fixed/INCT_19_T2_fixed.gexf,"O INCT INCT de Entomologia Molecular Lorem Ipsum is simply dummy text of the printing and typesetting industry. Lorem Ipsum has been the industry's standard dummy text ever since the 1500s, when an unknown printer took a galley of type and scrambled it to make a type specimen book. It has survived not only five centuries, but also the leap into electronic typesetting, remaining essentially unchanged. It was popularised in the 1960s with the release of Letraset sheets containing Lorem Ipsum passages, and more recently with desktop publishing software like Aldus PageMaker including versions of Lorem Ipsum."
62,INCT de Epidemiologia da Amazônia Ocidental,Saúde,Henrique Krieger,20,gexf_fixed/INCT_20_T2_fixed.gexf,"O INCT INCT de Epidemiologia da Amazônia Ocidental Lorem Ipsum is simply dummy text of the printing and typesetting industry. Lorem Ipsum has been the industry's standard dummy text ever since the 1500s, when an unknown printer took a galley of type and scrambled it to make a type specimen book. It has survived not only five centuries, but also the leap into electronic typesetting, remaining essentially unchanged. It was popularised in the 1960s with the release of Letraset sheets containing Lorem Ipsum passages, and more recently with desktop publishing software like Aldus PageMaker including versions of Lorem Ipsum."
20,INCT de Estudos Comparados em Administração Institucional de Conflitos,"Ciências Humanas, Sociais Aplicadas e Educação",Roberto Kant de Lima,21,gexf_fixed/INCT_21_T2_fixed.gexf,"O INCT INCT de Estudos Comparados em Administração Institucional de Conflitos Lorem Ipsum is simply dummy text of the printing and typesetting industry. Lorem Ipsum has been the industry's standard dummy text ever since the 1500s, when an unknown printer took a galley of type and scrambled it to make a type specimen book. It has survived not only five centuries, but also the leap into electronic typesetting, remaining essentially unchanged. It was popularised in the 1960s with the release of Letraset sheets containing Lorem Ipsum passages, and more recently with desktop publishing software like Aldus PageMaker including versions of Lorem Ipsum."
60,INCT de Fluidos Complexos,Ciências Exatas e da Terra,Antonio Martins Figueiredo Neto,22,gexf_fixed/INCT_22_T2_fixed.gexf,"O INCT INCT de Fluidos Complexos Lorem Ipsum is simply dummy text of the printing and typesetting industry. Lorem Ipsum has been the industry's standard dummy text ever since the 1500s, when an unknown printer took a galley of type and scrambled it to make a type specimen book. It has survived not only five centuries, but also the leap into electronic typesetting, remaining essentially unchanged. It was popularised in the 1960s with the release of Letraset sheets containing Lorem Ipsum passages, and more recently with desktop publishing software like Aldus PageMaker including versions of Lorem Ipsum."
12,INCT de Fotônica (INCT-INFO),Ciências Exatas e da Terra,Anderson Stevens Leonidas Gomes,23,gexf_fixed/INCT_23_T2_fixed.gexf,"O INCT INCT de Fotônica (INCT-INFO) Lorem Ipsum is simply dummy text of the printing and typesetting industry. Lorem Ipsum has been the industry's standard dummy text ever since the 1500s, when an unknown printer took a galley of type and scrambled it to make a type specimen book. It has survived not only five centuries, but also the leap into electronic typesetting, remaining essentially unchanged. It was popularised in the 1960s with the release of Letraset sheets containing Lorem Ipsum passages, and more recently with desktop publishing software like Aldus PageMaker including versions of Lorem Ipsum."
76,INCT de Frutos Tropicais,Ciências Agrárias e Agronegócios,Narendra Narain,24,gexf_fixed/INCT_24_T2_fixed.gexf,"O INCT INCT de Frutos Tropicais Lorem Ipsum is simply dummy text of the printing and typesetting industry. Lorem Ipsum has been the industry's standard dummy text ever since the 1500s, when an unknown printer took a galley of type and scrambled it to make a type specimen book. It has survived not only five centuries, but also the leap into electronic typesetting, remaining essentially unchanged. It was popularised in the 1960s with the release of Letraset sheets containing Lorem Ipsum passages, and more recently with desktop publishing software like Aldus PageMaker including versions of Lorem Ipsum."
21,INCT de Genética Médica Populacional (INCT-INAGEMP),Ciências Biológicas,Roberto Giugliani,25,gexf_fixed/INCT_25_T2_fixed.gexf,"O INCT INCT de Genética Médica Populacional (INCT-INAGEMP) Lorem Ipsum is simply dummy text of the printing and typesetting industry. Lorem Ipsum has been the industry's standard dummy text ever since the 1500s, when an unknown printer took a galley of type and scrambled it to make a type specimen book. It has survived not only five centuries, but also the leap into electronic typesetting, remaining essentially unchanged. It was popularised in the 1960s with the release of Letraset sheets containing Lorem Ipsum passages, and more recently with desktop publishing software like Aldus PageMaker including versions of Lorem Ipsum."
51,INCT de Genômica Comparativa e Funcional e Melhoramento Assistido de Citros.,Ciências Agrárias e Agronegócios,Marcos Antonio Machado,26,gexf_fixed/INCT_26_T2_fixed.gexf,"O INCT INCT de Genômica Comparativa e Funcional e Melhoramento Assistido de Citros. Lorem Ipsum is simply dummy text of the printing and typesetting industry. Lorem Ipsum has been the industry's standard dummy text ever since the 1500s, when an unknown printer took a galley of type and scrambled it to make a type specimen book. It has survived not only five centuries, but also the leap into electronic typesetting, remaining essentially unchanged. It was popularised in the 1960s with the release of Letraset sheets containing Lorem Ipsum passages, and more recently with desktop publishing software like Aldus PageMaker including versions of Lorem Ipsum."
89,INCT de Geofísica do Petróleo,Ciências Exatas e da Terra,Milton José Porsani,27,gexf_fixed/INCT_27_T2_fixed.gexf,"O INCT INCT de Geofísica do Petróleo Lorem Ipsum is simply dummy text of the printing and typesetting industry. Lorem Ipsum has been the industry's standard dummy text ever since the 1500s, when an unknown printer took a galley of type and scrambled it to make a type specimen book. It has survived not only five centuries, but also the leap into electronic typesetting, remaining essentially unchanged. It was popularised in the 1960s with the release of Letraset sheets containing Lorem Ipsum passages, and more recently with desktop publishing software like Aldus PageMaker including versions of Lorem Ipsum."
39,INCT de Hormônios e Saúde da Mulher,Saúde,Poli Mara Spritzer,28,gexf_fixed/INCT_28_T2_fixed.gexf,"O INCT INCT de Hormônios e Saúde da Mulher Lorem Ipsum is simply dummy text of the printing and typesetting industry. Lorem Ipsum has been the industry's standard dummy text ever since the 1500s, when an unknown printer took a galley of type and scrambled it to make a type specimen book. It has survived not only five centuries, but also the leap into electronic typesetting, remaining essentially unchanged. It was popularised in the 1960s with the release of Letraset sheets containing Lorem Ipsum passages, and more recently with desktop publishing software like Aldus PageMaker including versions of Lorem Ipsum."
26,INCT de Inovação em Doenças de Populações Negligenciadas (INCT-IDPN),Saúde,Carlos Medicis Morel,29,gexf_fixed/INCT_29_T2_fixed.gexf,"O INCT INCT de Inovação em Doenças de Populações Negligenciadas (INCT-IDPN) Lorem Ipsum is simply dummy text of the printing and typesetting industry. Lorem Ipsum has been the industry's standard dummy text ever since the 1500s, when an unknown printer took a galley of type and scrambled it to make a type specimen book. It has survived not only five centuries, but also the leap into electronic typesetting, remaining essentially unchanged. It was popularised in the 1960s with the release of Letraset sheets containing Lorem Ipsum passages, and more recently with desktop publishing software like Aldus PageMaker including versions of Lorem Ipsum."
81,INCT de Investigação em Imunologia,Ciências Biológicas,Jorge Elias Kalil Filho,30,gexf_fixed/INCT_30_T2_fixed.gexf,"O INCT INCT de Investigação em Imunologia Lorem Ipsum is simply dummy text of the printing and typesetting industry. Lorem Ipsum has been the industry's standard dummy text ever since the 1500s, when an unknown printer took a galley of type and scrambled it to make a type specimen book. It has survived not only five centuries, but also the leap into electronic typesetting, remaining essentially unchanged. It was popularised in the 1960s with the release of Letraset sheets containing Lorem Ipsum passages, and more recently with desktop publishing software like Aldus PageMaker including versions of Lorem Ipsum."
67,INCT de Madeiras da Amazônia,Ciências Agrárias e Agronegócios,Niro Higuchi,31,gexf_fixed/INCT_31_T2_fixed.gexf,"O INCT INCT de Madeiras da Amazônia Lorem Ipsum is simply dummy text of the printing and typesetting industry. Lorem Ipsum has been the industry's standard dummy text ever since the 1500s, when an unknown printer took a galley of type and scrambled it to make a type specimen book. It has survived not only five centuries, but also the leap into electronic typesetting, remaining essentially unchanged. It was popularised in the 1960s with the release of Letraset sheets containing Lorem Ipsum passages, and more recently with desktop publishing software like Aldus PageMaker including versions of Lorem Ipsum."
1,INCT de Matemática,Ciências Exatas e da Terra,Jacob Palis Junior,32,gexf_fixed/INCT_32_T2_fixed.gexf,"O INCT INCT de Matemática Lorem Ipsum is simply dummy text of the printing and typesetting industry. Lorem Ipsum has been the industry's standard dummy text ever since the 1500s, when an unknown printer took a galley of type and scrambled it to make a type specimen book. It has survived not only five centuries, but also the leap into electronic typesetting, remaining essentially unchanged. It was popularised in the 1960s with the release of Letraset sheets containing Lorem Ipsum passages, and more recently with desktop publishing software like Aldus PageMaker including versions of Lorem Ipsum."
33,INCT de Nanomateriais de Carbono,Ciências Exatas e da Terra,Marcos Assunção Pimenta,33,gexf_fixed/INCT_33_T2_fixed.gexf,"O INCT INCT de Nanomateriais de Carbono Lorem Ipsum is simply dummy text of the printing and typesetting industry. Lorem Ipsum has been the industry's standard dummy text ever since the 1500s, when an unknown printer took a galley of type and scrambled it to make a type specimen book. It has survived not only five centuries, but also the leap into electronic typesetting, remaining essentially unchanged. It was popularised in the 1960s with the release of Letraset sheets containing Lorem Ipsum passages, and more recently with desktop publishing software like Aldus PageMaker including versions of Lorem Ipsum."
25,INCT de Neurociência Translacional,Saúde,Roberto Lent,34,gexf_fixed/INCT_34_T2_fixed.gexf,"O INCT INCT de Neurociência Translacional Lorem Ipsum is simply dummy text of the printing and typesetting industry. Lorem Ipsum has been the industry's standard dummy text ever since the 1500s, when an unknown printer took a galley of type and scrambled it to make a type specimen book. It has survived not only five centuries, but also the leap into electronic typesetting, remaining essentially unchanged. It was popularised in the 1960s with the release of Letraset sheets containing Lorem Ipsum passages, and more recently with desktop publishing software like Aldus PageMaker including versions of Lorem Ipsum."
68,INCT de Obesidade e Diabetes,Saúde,Mario José Abdalla Saad,35,gexf_fixed/INCT_35_T2_fixed.gexf,"O INCT INCT de Obesidade e Diabetes Lorem Ipsum is simply dummy text of the printing and typesetting industry. Lorem Ipsum has been the industry's standard dummy text ever since the 1500s, when an unknown printer took a galley of type and scrambled it to make a type specimen book. It has survived not only five centuries, but also the leap into electronic typesetting, remaining essentially unchanged. It was popularised in the 1960s with the release of Letraset sheets containing Lorem Ipsum passages, and more recently with desktop publishing software like Aldus PageMaker including versions of Lorem Ipsum."
49,INCT de Óptica Básica e Aplicada às Ciências da Vida,Ciências Exatas e da Terra,Vanderlei Salvador Bagnato,36,gexf_fixed/INCT_36_T2_fixed.gexf,"O INCT INCT de Óptica Básica e Aplicada às Ciências da Vida Lorem Ipsum is simply dummy text of the printing and typesetting industry. Lorem Ipsum has been the industry's standard dummy text ever since the 1500s, when an unknown printer took a galley of type and scrambled it to make a type specimen book. It has survived not only five centuries, but also the leap into electronic typesetting, remaining essentially unchanged. It was popularised in the 1960s with the release of Letraset sheets containing Lorem Ipsum passages, and more recently with desktop publishing software like Aldus PageMaker including versions of Lorem Ipsum."
96,INCT de Pesquisa em Resistência a Antimicrobianos,Ciências Biológicas,Afonso Luís Barth,37,gexf_fixed/INCT_37_T2_fixed.gexf,"O INCT INCT de Pesquisa em Resistência a Antimicrobianos Lorem Ipsum is simply dummy text of the printing and typesetting industry. Lorem Ipsum has been the industry's standard dummy text ever since the 1500s, when an unknown printer took a galley of type and scrambled it to make a type specimen book. It has survived not only five centuries, but also the leap into electronic typesetting, remaining essentially unchanged. It was popularised in the 1960s with the release of Letraset sheets containing Lorem Ipsum passages, and more recently with desktop publishing software like Aldus PageMaker including versions of Lorem Ipsum."
69,"INCT de Políticas Públicas, Estratégias e Desenvolvimento","Ciências Humanas, Sociais Aplicadas e Educação",Renato Raul Boschi,38,gexf_fixed/INCT_38_T2_fixed.gexf,"O INCT INCT de Políticas Públicas, Estratégias e Desenvolvimento Lorem Ipsum is simply dummy text of the printing and typesetting industry. Lorem Ipsum has been the industry's standard dummy text ever since the 1500s, when an unknown printer took a galley of type and scrambled it to make a type specimen book. It has survived not only five centuries, but also the leap into electronic typesetting, remaining essentially unchanged. It was popularised in the 1960s with the release of Letraset sheets containing Lorem Ipsum passages, and more recently with desktop publishing software like Aldus PageMaker including versions of Lorem Ipsum."
29,INCT de Psiquiatria do Desenvolvimento para Crianças e Adolescentes,Saúde,Euripedes Constantino Miguel Filho,39,gexf_fixed/INCT_39_T2_fixed.gexf,"O INCT INCT de Psiquiatria do Desenvolvimento para Crianças e Adolescentes Lorem Ipsum is simply dummy text of the printing and typesetting industry. Lorem Ipsum has been the industry's standard dummy text ever since the 1500s, when an unknown printer took a galley of type and scrambled it to make a type specimen book. It has survived not only five centuries, but also the leap into electronic typesetting, remaining essentially unchanged. It was popularised in the 1960s with the release of Letraset sheets containing Lorem Ipsum passages, and more recently with desktop publishing software like Aldus PageMaker including versions of Lorem Ipsum."
99,INCT de Semioquímicos na Agricultura,Ciências Agrárias e Agronegócios,José Roberto Postali Parra,40,gexf_fixed/INCT_40_T2_fixed.gexf,"O INCT INCT de Semioquímicos na Agricultura Lorem Ipsum is simply dummy text of the printing and typesetting industry. Lorem Ipsum has been the industry's standard dummy text ever since the 1500s, when an unknown printer took a galley of type and scrambled it to make a type specimen book. It has survived not only five centuries, but also the leap into electronic typesetting, remaining essentially unchanged. It was popularised in the 1960s with the release of Letraset sheets containing Lorem Ipsum passages, and more recently with desktop publishing software like Aldus PageMaker including versions of Lorem Ipsum."
93,INCT de Sistemas Complexos,Ciências Exatas e da Terra,Evaldo Mendonca Fleury Curado,41,gexf_fixed/INCT_41_T2_fixed.gexf,"O INCT INCT de Sistemas Complexos Lorem Ipsum is simply dummy text of the printing and typesetting industry. Lorem Ipsum has been the industry's standard dummy text ever since the 1500s, when an unknown printer took a galley of type and scrambled it to make a type specimen book. It has survived not only five centuries, but also the leap into electronic typesetting, remaining essentially unchanged. It was popularised in the 1960s with the release of Letraset sheets containing Lorem Ipsum passages, and more recently with desktop publishing software like Aldus PageMaker including versions of Lorem Ipsum."
64,INCT do Bioetanol,Ciências Biológicas,Marcos Silveira Buckeridge,42,gexf_fixed/INCT_42_T2_fixed.gexf,"O INCT INCT do Bioetanol Lorem Ipsum is simply dummy text of the printing and typesetting industry. Lorem Ipsum has been the industry's standard dummy text ever since the 1500s, when an unknown printer took a galley of type and scrambled it to make a type specimen book. It has survived not only five centuries, but also the leap into electronic typesetting, remaining essentially unchanged. It was popularised in the 1960s with the release of Letraset sheets containing Lorem Ipsum passages, and more recently with desktop publishing software like Aldus PageMaker including versions of Lorem Ipsum."
8,INCT do Café,Ciências Agrárias e Agronegócios,Mário Lúcio Vilela de Resende,43,gexf_fixed/INCT_43_T2_fixed.gexf,"O INCT INCT do Café Lorem Ipsum is simply dummy text of the printing and typesetting industry. Lorem Ipsum has been the industry's standard dummy text ever since the 1500s, when an unknown printer took a galley of type and scrambled it to make a type specimen book. It has survived not only five centuries, but also the leap into electronic typesetting, remaining essentially unchanged. It was popularised in the 1960s with the release of Letraset sheets containing Lorem Ipsum passages, and more recently with desktop publishing software like Aldus PageMaker including versions of Lorem Ipsum."
78,INCT do e-Universo,Ciências Exatas e da Terra,Luiz Alberto Nicolaci da Costa,44,gexf_fixed/INCT_44_T2_fixed.gexf,"O INCT INCT do e-Universo Lorem Ipsum is simply dummy text of the printing and typesetting industry. Lorem Ipsum has been the industry's standard dummy text ever since the 1500s, when an unknown printer took a galley of type and scrambled it to make a type specimen book. It has survived not only five centuries, but also the leap into electronic typesetting, remaining essentially unchanged. It was popularised in the 1960s with the release of Letraset sheets containing Lorem Ipsum passages, and more recently with desktop publishing software like Aldus PageMaker including versions of Lorem Ipsum."
17,INCT dos Hymenoptera Parasitóides ,Ciências Biológicas,Angelica Maria Penteado Martins Dias,45,gexf_fixed/INCT_45_T2_fixed.gexf,"O INCT INCT dos Hymenoptera Parasitóides  Lorem Ipsum is simply dummy text of the printing and typesetting industry. Lorem Ipsum has been the industry's standard dummy text ever since the 1500s, when an unknown printer took a galley of type and scrambled it to make a type specimen book. It has survived not only five centuries, but also the leap into electronic typesetting, remaining essentially unchanged. It was popularised in the 1960s with the release of Letraset sheets containing Lorem Ipsum passages, and more recently with desktop publishing software like Aldus PageMaker including versions of Lorem Ipsum."
7,"INCT Ecologia, Evolução e Conservação da Biodiversidade",Ciências Biológicas,Jose Alexandre Felizola Diniz Filho,46,gexf_fixed/INCT_46_T2_fixed.gexf,"O INCT INCT Ecologia, Evolução e Conservação da Biodiversidade Lorem Ipsum is simply dummy text of the printing and typesetting industry. Lorem Ipsum has been the industry's standard dummy text ever since the 1500s, when an unknown printer took a galley of type and scrambled it to make a type specimen book. It has survived not only five centuries, but also the leap into electronic typesetting, remaining essentially unchanged. It was popularised in the 1960s with the release of Letraset sheets containing Lorem Ipsum passages, and more recently with desktop publishing software like Aldus PageMaker including versions of Lorem Ipsum."
10,INCT em Ambientes Marinhos Tropicais,Ciências Exatas e da Terra,José Maria Landim Dominguez,47,gexf_fixed/INCT_47_T2_fixed.gexf,"O INCT INCT em Ambientes Marinhos Tropicais Lorem Ipsum is simply dummy text of the printing and typesetting industry. Lorem Ipsum has been the industry's standard dummy text ever since the 1500s, when an unknown printer took a galley of type and scrambled it to make a type specimen book. It has survived not only five centuries, but also the leap into electronic typesetting, remaining essentially unchanged. It was popularised in the 1960s with the release of Letraset sheets containing Lorem Ipsum passages, and more recently with desktop publishing software like Aldus PageMaker including versions of Lorem Ipsum."
23,INCT em Biodiversidade e Produtos Naturais (INCT-BioNat),Ciências Exatas e da Terra,Vanderlan da Silva Bolzani,48,gexf_fixed/INCT_48_T2_fixed.gexf,"O INCT INCT em Biodiversidade e Produtos Naturais (INCT-BioNat) Lorem Ipsum is simply dummy text of the printing and typesetting industry. Lorem Ipsum has been the industry's standard dummy text ever since the 1500s, when an unknown printer took a galley of type and scrambled it to make a type specimen book. It has survived not only five centuries, but also the leap into electronic typesetting, remaining essentially unchanged. It was popularised in the 1960s with the release of Letraset sheets containing Lorem Ipsum passages, and more recently with desktop publishing software like Aldus PageMaker including versions of Lorem Ipsum."
32,INCT em Células-Tronco e Terapia Celular no Câncer,Saúde,Dimas Tadeu Covas,49,gexf_fixed/INCT_49_T2_fixed.gexf,"O INCT INCT em Células-Tronco e Terapia Celular no Câncer Lorem Ipsum is simply dummy text of the printing and typesetting industry. Lorem Ipsum has been the industry's standard dummy text ever since the 1500s, when an unknown printer took a galley of type and scrambled it to make a type specimen book. It has survived not only five centuries, but also the leap into electronic typesetting, remaining essentially unchanged. It was popularised in the 1960s with the release of Letraset sheets containing Lorem Ipsum passages, and more recently with desktop publishing software like Aldus PageMaker including versions of Lorem Ipsum."
72,INCT em Comunicação Pública da Ciência e Tecnologia,"Ciências Humanas, Sociais Aplicadas e Educação",Luisa Medeiros Massarani,50,gexf_fixed/INCT_50_T2_fixed.gexf,"O INCT INCT em Comunicação Pública da Ciência e Tecnologia Lorem Ipsum is simply dummy text of the printing and typesetting industry. Lorem Ipsum has been the industry's standard dummy text ever since the 1500s, when an unknown printer took a galley of type and scrambled it to make a type specimen book. It has survived not only five centuries, but also the leap into electronic typesetting, remaining essentially unchanged. It was popularised in the 1960s with the release of Letraset sheets containing Lorem Ipsum passages, and more recently with desktop publishing software like Aldus PageMaker including versions of Lorem Ipsum."
53,INCT em Democracia Digital,"Ciências Humanas, Sociais Aplicadas e Educação",Wilson da Silva Gomes,51,gexf_fixed/INCT_51_T2_fixed.gexf,"O INCT INCT em Democracia Digital Lorem Ipsum is simply dummy text of the printing and typesetting industry. Lorem Ipsum has been the industry's standard dummy text ever since the 1500s, when an unknown printer took a galley of type and scrambled it to make a type specimen book. It has survived not only five centuries, but also the leap into electronic typesetting, remaining essentially unchanged. It was popularised in the 1960s with the release of Letraset sheets containing Lorem Ipsum passages, and more recently with desktop publishing software like Aldus PageMaker including versions of Lorem Ipsum."
41,INCT em Dengue e Interação Microorganismo-hospedeiro,Ciências Biológicas,Mauro Martins Teixeira,52,gexf_fixed/INCT_52_T2_fixed.gexf,"O INCT INCT em Dengue e Interação Microorganismo-hospedeiro Lorem Ipsum is simply dummy text of the printing and typesetting industry. Lorem Ipsum has been the industry's standard dummy text ever since the 1500s, when an unknown printer took a galley of type and scrambled it to make a type specimen book. It has survived not only five centuries, but also the leap into electronic typesetting, remaining essentially unchanged. It was popularised in the 1960s with the release of Letraset sheets containing Lorem Ipsum passages, and more recently with desktop publishing software like Aldus PageMaker including versions of Lorem Ipsum."
35,INCT em Eletrônica Orgânica (INCT-INEO),Ciências Exatas e da Terra,Roberto Mendonca Faria,53,gexf_fixed/INCT_53_T2_fixed.gexf,"O INCT INCT em Eletrônica Orgânica (INCT-INEO) Lorem Ipsum is simply dummy text of the printing and typesetting industry. Lorem Ipsum has been the industry's standard dummy text ever since the 1500s, when an unknown printer took a galley of type and scrambled it to make a type specimen book. It has survived not only five centuries, but also the leap into electronic typesetting, remaining essentially unchanged. It was popularised in the 1960s with the release of Letraset sheets containing Lorem Ipsum passages, and more recently with desktop publishing software like Aldus PageMaker including versions of Lorem Ipsum."
24,INCT em Estudos Interdisciplinares e Transdisciplinares em Ecologia e Evolução (INCT-TREE),Ciências Biológicas,Charbel Nino El Hani,54,gexf_fixed/INCT_54_T2_fixed.gexf,"O INCT INCT em Estudos Interdisciplinares e Transdisciplinares em Ecologia e Evolução (INCT-TREE) Lorem Ipsum is simply dummy text of the printing and typesetting industry. Lorem Ipsum has been the industry's standard dummy text ever since the 1500s, when an unknown printer took a galley of type and scrambled it to make a type specimen book. It has survived not only five centuries, but also the leap into electronic typesetting, remaining essentially unchanged. It was popularised in the 1960s with the release of Letraset sheets containing Lorem Ipsum passages, and more recently with desktop publishing software like Aldus PageMaker including versions of Lorem Ipsum."
88,INCT de Vacinas,Ciências Biológicas,Ricardo Tostes Gazzinelli,55,gexf_fixed/INCT_55_T2_fixed.gexf,"O INCT INCT de Vacinas Lorem Ipsum is simply dummy text of the printing and typesetting industry. Lorem Ipsum has been the industry's standard dummy text ever since the 1500s, when an unknown printer took a galley of type and scrambled it to make a type specimen book. It has survived not only five centuries, but also the leap into electronic typesetting, remaining essentially unchanged. It was popularised in the 1960s with the release of Letraset sheets containing Lorem Ipsum passages, and more recently with desktop publishing software like Aldus PageMaker including versions of Lorem Ipsum."
86,INCT em Estudos Tectônicos,Ciências Exatas e da Terra,Reinhardt Adolfo Fuck,56,gexf_fixed/INCT_56_T2_fixed.gexf,"O INCT INCT em Estudos Tectônicos Lorem Ipsum is simply dummy text of the printing and typesetting industry. Lorem Ipsum has been the industry's standard dummy text ever since the 1500s, when an unknown printer took a galley of type and scrambled it to make a type specimen book. It has survived not only five centuries, but also the leap into electronic typesetting, remaining essentially unchanged. It was popularised in the 1960s with the release of Letraset sheets containing Lorem Ipsum passages, and more recently with desktop publishing software like Aldus PageMaker including versions of Lorem Ipsum."
61,INCT em Fotônica Aplicada à Biologia Celular (INCT-INFABiC),Ciências Biológicas,Hernandes Faustino de Carvalho,57,gexf_fixed/INCT_57_T2_fixed.gexf,"O INCT INCT em Fotônica Aplicada à Biologia Celular (INCT-INFABiC) Lorem Ipsum is simply dummy text of the printing and typesetting industry. Lorem Ipsum has been the industry's standard dummy text ever since the 1500s, when an unknown printer took a galley of type and scrambled it to make a type specimen book. It has survived not only five centuries, but also the leap into electronic typesetting, remaining essentially unchanged. It was popularised in the 1960s with the release of Letraset sheets containing Lorem Ipsum passages, and more recently with desktop publishing software like Aldus PageMaker including versions of Lorem Ipsum."
27,INCT em Materiais Complexos Funcionais (INCT-Inomat),Ciências Exatas e da Terra,Fernando Galembeck,58,gexf_fixed/INCT_58_T2_fixed.gexf,"O INCT INCT em Materiais Complexos Funcionais (INCT-Inomat) Lorem Ipsum is simply dummy text of the printing and typesetting industry. Lorem Ipsum has been the industry's standard dummy text ever since the 1500s, when an unknown printer took a galley of type and scrambled it to make a type specimen book. It has survived not only five centuries, but also the leap into electronic typesetting, remaining essentially unchanged. It was popularised in the 1960s with the release of Letraset sheets containing Lorem Ipsum passages, and more recently with desktop publishing software like Aldus PageMaker including versions of Lorem Ipsum."
15,INCT em Medicina Assistida por Computação Científica (INCT-MACC),"Engenharias, Energias e Tecnologias da Informação",Jose Eduardo Krieger,59,gexf_fixed/INCT_59_T2_fixed.gexf,"O INCT INCT em Medicina Assistida por Computação Científica (INCT-MACC) Lorem Ipsum is simply dummy text of the printing and typesetting industry. Lorem Ipsum has been the industry's standard dummy text ever since the 1500s, when an unknown printer took a galley of type and scrambled it to make a type specimen book. It has survived not only five centuries, but also the leap into electronic typesetting, remaining essentially unchanged. It was popularised in the 1960s with the release of Letraset sheets containing Lorem Ipsum passages, and more recently with desktop publishing software like Aldus PageMaker including versions of Lorem Ipsum."
3,INCT em Medicina Regenerativa,Saúde,Antonio Carlos Campos de Carvalho,60,gexf_fixed/INCT_60_T2_fixed.gexf,"O INCT INCT em Medicina Regenerativa Lorem Ipsum is simply dummy text of the printing and typesetting industry. Lorem Ipsum has been the industry's standard dummy text ever since the 1500s, when an unknown printer took a galley of type and scrambled it to make a type specimen book. It has survived not only five centuries, but also the leap into electronic typesetting, remaining essentially unchanged. It was popularised in the 1960s with the release of Letraset sheets containing Lorem Ipsum passages, and more recently with desktop publishing software like Aldus PageMaker including versions of Lorem Ipsum."
79,INCT Envelhecimento e Doenças Genéticas: Genômica e Metagenômica,Ciências Biológicas,Mayana Zatz,61,gexf_fixed/INCT_61_T2_fixed.gexf,"O INCT INCT Envelhecimento e Doenças Genéticas: Genômica e Metagenômica Lorem Ipsum is simply dummy text of the printing and typesetting industry. Lorem Ipsum has been the industry's standard dummy text ever since the 1500s, when an unknown printer took a galley of type and scrambled it to make a type specimen book. It has survived not only five centuries, but also the leap into electronic typesetting, remaining essentially unchanged. It was popularised in the 1960s with the release of Letraset sheets containing Lorem Ipsum passages, and more recently with desktop publishing software like Aldus PageMaker including versions of Lorem Ipsum."
16,INCT Física Nuclear e Aplicações,Ciências Exatas e da Terra,Takeshi Kodama,62,gexf_fixed/INCT_62_T2_fixed.gexf,"O INCT INCT Física Nuclear e Aplicações Lorem Ipsum is simply dummy text of the printing and typesetting industry. Lorem Ipsum has been the industry's standard dummy text ever since the 1500s, when an unknown printer took a galley of type and scrambled it to make a type specimen book. It has survived not only five centuries, but also the leap into electronic typesetting, remaining essentially unchanged. It was popularised in the 1960s with the release of Letraset sheets containing Lorem Ipsum passages, and more recently with desktop publishing software like Aldus PageMaker including versions of Lorem Ipsum."
70,INCT História Social das Propriedades e direito de acesso,"Ciências Humanas, Sociais Aplicadas e Educação",Márcia Maria Menendes Motta,63,gexf_fixed/INCT_63_T2_fixed.gexf,"O INCT INCT História Social das Propriedades e direito de acesso Lorem Ipsum is simply dummy text of the printing and typesetting industry. Lorem Ipsum has been the industry's standard dummy text ever since the 1500s, when an unknown printer took a galley of type and scrambled it to make a type specimen book. It has survived not only five centuries, but also the leap into electronic typesetting, remaining essentially unchanged. It was popularised in the 1960s with the release of Letraset sheets containing Lorem Ipsum passages, and more recently with desktop publishing software like Aldus PageMaker including versions of Lorem Ipsum."
98,INCT Inclusão no Ensino Superior e na Pesquisa,"Ciências Humanas, Sociais Aplicadas e Educação",Jose Jorge de Carvalho,64,gexf_fixed/INCT_64_T2_fixed.gexf,"O INCT INCT Inclusão no Ensino Superior e na Pesquisa Lorem Ipsum is simply dummy text of the printing and typesetting industry. Lorem Ipsum has been the industry's standard dummy text ever since the 1500s, when an unknown printer took a galley of type and scrambled it to make a type specimen book. It has survived not only five centuries, but also the leap into electronic typesetting, remaining essentially unchanged. It was popularised in the 1960s with the release of Letraset sheets containing Lorem Ipsum passages, and more recently with desktop publishing software like Aldus PageMaker including versions of Lorem Ipsum."
57,INCT Informação Quântica,Ciências Exatas e da Terra,Belita Koiller,65,gexf_fixed/INCT_65_T2_fixed.gexf,"O INCT INCT Informação Quântica Lorem Ipsum is simply dummy text of the printing and typesetting industry. Lorem Ipsum has been the industry's standard dummy text ever since the 1500s, when an unknown printer took a galley of type and scrambled it to make a type specimen book. It has survived not only five centuries, but also the leap into electronic typesetting, remaining essentially unchanged. It was popularised in the 1960s with the release of Letraset sheets containing Lorem Ipsum passages, and more recently with desktop publishing software like Aldus PageMaker including versions of Lorem Ipsum."
85,INCT Inovação em Medicamentos e Identificação de Novos Alvos Terapêuticos (INCT-INOVAMED),Ciências Biológicas,Joao Batista Calixto,66,gexf_fixed/INCT_66_T2_fixed.gexf,"O INCT INCT Inovação em Medicamentos e Identificação de Novos Alvos Terapêuticos (INCT-INOVAMED) Lorem Ipsum is simply dummy text of the printing and typesetting industry. Lorem Ipsum has been the industry's standard dummy text ever since the 1500s, when an unknown printer took a galley of type and scrambled it to make a type specimen book. It has survived not only five centuries, but also the leap into electronic typesetting, remaining essentially unchanged. It was popularised in the 1960s with the release of Letraset sheets containing Lorem Ipsum passages, and more recently with desktop publishing software like Aldus PageMaker including versions of Lorem Ipsum."
82,INCT Instituto da Democracia e da Democratização da Comunicação,"Ciências Humanas, Sociais Aplicadas e Educação",Leonardo Avritzer,67,gexf_fixed/INCT_67_T2_fixed.gexf,"O INCT INCT Instituto da Democracia e da Democratização da Comunicação Lorem Ipsum is simply dummy text of the printing and typesetting industry. Lorem Ipsum has been the industry's standard dummy text ever since the 1500s, when an unknown printer took a galley of type and scrambled it to make a type specimen book. It has survived not only five centuries, but also the leap into electronic typesetting, remaining essentially unchanged. It was popularised in the 1960s with the release of Letraset sheets containing Lorem Ipsum passages, and more recently with desktop publishing software like Aldus PageMaker including versions of Lorem Ipsum."
73,INCT Instituto Geotécnico de Reabilitação do Sistema Encosta-Planície e Desastres Naturais,"Engenharias, Energias e Tecnologias da Informação",Willy Alvarenga Lacerda,68,gexf_fixed/INCT_68_T2_fixed.gexf,"O INCT INCT Instituto Geotécnico de Reabilitação do Sistema Encosta-Planície e Desastres Naturais Lorem Ipsum is simply dummy text of the printing and typesetting industry. Lorem Ipsum has been the industry's standard dummy text ever since the 1500s, when an unknown printer took a galley of type and scrambled it to make a type specimen book. It has survived not only five centuries, but also the leap into electronic typesetting, remaining essentially unchanged. It was popularised in the 1960s with the release of Letraset sheets containing Lorem Ipsum passages, and more recently with desktop publishing software like Aldus PageMaker including versions of Lorem Ipsum."
55,INCT Mar COI - Oceanografia Integrada e Usos Múltiplos da Plataforma Continental e Oceano Adjacente - Centro de Oceanografia Integrada,Ciências Exatas e da Terra,José Henrique Muelbert,69,gexf_fixed/INCT_69_T2_fixed.gexf,"O INCT INCT Mar COI - Oceanografia Integrada e Usos Múltiplos da Plataforma Continental e Oceano Adjacente - Centro de Oceanografia Integrada Lorem Ipsum is simply dummy text of the printing and typesetting industry. Lorem Ipsum has been the industry's standard dummy text ever since the 1500s, when an unknown printer took a galley of type and scrambled it to make a type specimen book. It has survived not only five centuries, but also the leap into electronic typesetting, remaining essentially unchanged. It was popularised in the 1960s with the release of Letraset sheets containing Lorem Ipsum passages, and more recently with desktop publishing software like Aldus PageMaker including versions of Lorem Ipsum."
18,INCT Microrganismos Promotores do Crescimento de Plantas visando à Sustentabilidade Agrícola e à Responsabilidade Ambiental,Ciências Agrárias e Agronegócios,Mariangela Hungria da Cunha,70,gexf_fixed/INCT_70_T2_fixed.gexf,"O INCT INCT Microrganismos Promotores do Crescimento de Plantas visando à Sustentabilidade Agrícola e à Responsabilidade Ambiental Lorem Ipsum is simply dummy text of the printing and typesetting industry. Lorem Ipsum has been the industry's standard dummy text ever since the 1500s, when an unknown printer took a galley of type and scrambled it to make a type specimen book. It has survived not only five centuries, but also the leap into electronic typesetting, remaining essentially unchanged. It was popularised in the 1960s with the release of Letraset sheets containing Lorem Ipsum passages, and more recently with desktop publishing software like Aldus PageMaker including versions of Lorem Ipsum."
50,INCT Nanotecnologia Farmacêutica: uma abordagem transdisciplinar (INCT-NANOFARMA),Saúde,Maria Vitória Lopes Badra Bentley,71,gexf_fixed/INCT_71_T2_fixed.gexf,"O INCT INCT Nanotecnologia Farmacêutica: uma abordagem transdisciplinar (INCT-NANOFARMA) Lorem Ipsum is simply dummy text of the printing and typesetting industry. Lorem Ipsum has been the industry's standard dummy text ever since the 1500s, when an unknown printer took a galley of type and scrambled it to make a type specimen book. It has survived not only five centuries, but also the leap into electronic typesetting, remaining essentially unchanged. It was popularised in the 1960s with the release of Letraset sheets containing Lorem Ipsum passages, and more recently with desktop publishing software like Aldus PageMaker including versions of Lorem Ipsum."
46,INCT Neuroimmunomodulação,Ciências Biológicas,Wilson Savino,72,gexf_fixed/INCT_72_T2_fixed.gexf,"O INCT INCT Neuroimmunomodulação Lorem Ipsum is simply dummy text of the printing and typesetting industry. Lorem Ipsum has been the industry's standard dummy text ever since the 1500s, when an unknown printer took a galley of type and scrambled it to make a type specimen book. It has survived not only five centuries, but also the leap into electronic typesetting, remaining essentially unchanged. It was popularised in the 1960s with the release of Letraset sheets containing Lorem Ipsum passages, and more recently with desktop publishing software like Aldus PageMaker including versions of Lorem Ipsum."
43,INCT Observatório das Dinâmicas Socioambientais (INCT-ODISSEIA),"Ciências Humanas, Sociais Aplicadas e Educação",Marcel Bursztyn,73,gexf_fixed/INCT_73_T2_fixed.gexf,"O INCT INCT Observatório das Dinâmicas Socioambientais (INCT-ODISSEIA) Lorem Ipsum is simply dummy text of the printing and typesetting industry. Lorem Ipsum has been the industry's standard dummy text ever since the 1500s, when an unknown printer took a galley of type and scrambled it to make a type specimen book. It has survived not only five centuries, but also the leap into electronic typesetting, remaining essentially unchanged. It was popularised in the 1960s with the release of Letraset sheets containing Lorem Ipsum passages, and more recently with desktop publishing software like Aldus PageMaker including versions of Lorem Ipsum."
38,INCT Observatório Nacional da Dinâmica da Água e de Carbono no Bioma Caatinga (INCT-ONDACBC),"Engenharias, Energias e Tecnologias da Informação",Antonio Celso Dantas Antonino,74,gexf_fixed/INCT_74_T2_fixed.gexf,"O INCT INCT Observatório Nacional da Dinâmica da Água e de Carbono no Bioma Caatinga (INCT-ONDACBC) Lorem Ipsum is simply dummy text of the printing and typesetting industry. Lorem Ipsum has been the industry's standard dummy text ever since the 1500s, when an unknown printer took a galley of type and scrambled it to make a type specimen book. It has survived not only five centuries, but also the leap into electronic typesetting, remaining essentially unchanged. It was popularised in the 1960s with the release of Letraset sheets containing Lorem Ipsum passages, and more recently with desktop publishing software like Aldus PageMaker including versions of Lorem Ipsum."
31,INCT para a Cadeia Produtiva do Leite,Ciências Agrárias e Agronegócios,Amauri Alcindo Alfieri,75,gexf_fixed/INCT_75_T2_fixed.gexf,"O INCT INCT para a Cadeia Produtiva do Leite Lorem Ipsum is simply dummy text of the printing and typesetting industry. Lorem Ipsum has been the industry's standard dummy text ever since the 1500s, when an unknown printer took a galley of type and scrambled it to make a type specimen book. It has survived not only five centuries, but also the leap into electronic typesetting, remaining essentially unchanged. It was popularised in the 1960s with the release of Letraset sheets containing Lorem Ipsum passages, and more recently with desktop publishing software like Aldus PageMaker including versions of Lorem Ipsum."
75,INCT para Adaptações da Biota Aquática da Amazônia (INCT-ADAPTA-II),Ciências Biológicas,Adalberto Luis Val,76,gexf_fixed/INCT_76_T2_fixed.gexf,"O INCT INCT para Adaptações da Biota Aquática da Amazônia (INCT-ADAPTA-II) Lorem Ipsum is simply dummy text of the printing and typesetting industry. Lorem Ipsum has been the industry's standard dummy text ever since the 1500s, when an unknown printer took a galley of type and scrambled it to make a type specimen book. It has survived not only five centuries, but also the leap into electronic typesetting, remaining essentially unchanged. It was popularised in the 1960s with the release of Letraset sheets containing Lorem Ipsum passages, and more recently with desktop publishing software like Aldus PageMaker including versions of Lorem Ipsum."
9,INCT para Avaliação de Tecnologias em Saúde,Saúde,Carísi Anne Polanczyk,77,gexf_fixed/INCT_77_T2_fixed.gexf,"O INCT INCT para Avaliação de Tecnologias em Saúde Lorem Ipsum is simply dummy text of the printing and typesetting industry. Lorem Ipsum has been the industry's standard dummy text ever since the 1500s, when an unknown printer took a galley of type and scrambled it to make a type specimen book. It has survived not only five centuries, but also the leap into electronic typesetting, remaining essentially unchanged. It was popularised in the 1960s with the release of Letraset sheets containing Lorem Ipsum passages, and more recently with desktop publishing software like Aldus PageMaker including versions of Lorem Ipsum."
0,"INCT para Doenças Cerebrais, Excitoxicidade e Neuroproteção",Ciências Biológicas,Diogo Onofre Gomes de Souza,78,gexf_fixed/INCT_78_T2_fixed.gexf,"O INCT INCT para Doenças Cerebrais, Excitoxicidade e Neuroproteção Lorem Ipsum is simply dummy text of the printing and typesetting industry. Lorem Ipsum has been the industry's standard dummy text ever since the 1500s, when an unknown printer took a galley of type and scrambled it to make a type specimen book. It has survived not only five centuries, but also the leap into electronic typesetting, remaining essentially unchanged. It was popularised in the 1960s with the release of Letraset sheets containing Lorem Ipsum passages, and more recently with desktop publishing software like Aldus PageMaker including versions of Lorem Ipsum."
52,INCT para Engenharia de Software,Ciências Exatas e da Terra,Augusto Cezar Alves Sampaio,79,gexf_fixed/INCT_79_T2_fixed.gexf,"O INCT INCT para Engenharia de Software Lorem Ipsum is simply dummy text of the printing and typesetting industry. Lorem Ipsum has been the industry's standard dummy text ever since the 1500s, when an unknown printer took a galley of type and scrambled it to make a type specimen book. It has survived not only five centuries, but also the leap into electronic typesetting, remaining essentially unchanged. It was popularised in the 1960s with the release of Letraset sheets containing Lorem Ipsum passages, and more recently with desktop publishing software like Aldus PageMaker including versions of Lorem Ipsum."
66,INCT para Estudos sobre os Estados Unidos,"Ciências Humanas, Sociais Aplicadas e Educação",Sebastiao Carlos Velasco e Cruz,80,gexf_fixed/INCT_80_T2_fixed.gexf,"O INCT INCT para Estudos sobre os Estados Unidos Lorem Ipsum is simply dummy text of the printing and typesetting industry. Lorem Ipsum has been the industry's standard dummy text ever since the 1500s, when an unknown printer took a galley of type and scrambled it to make a type specimen book. It has survived not only five centuries, but also the leap into electronic typesetting, remaining essentially unchanged. It was popularised in the 1960s with the release of Letraset sheets containing Lorem Ipsum passages, and more recently with desktop publishing software like Aldus PageMaker including versions of Lorem Ipsum."
6,INCT para Mudanças Climáticas  (INCT-MC),Ciências Exatas e da Terra,Jose Antonio Marengo Orsini,81,gexf_fixed/INCT_81_T2_fixed.gexf,"O INCT INCT para Mudanças Climáticas  (INCT-MC) Lorem Ipsum is simply dummy text of the printing and typesetting industry. Lorem Ipsum has been the industry's standard dummy text ever since the 1500s, when an unknown printer took a galley of type and scrambled it to make a type specimen book. It has survived not only five centuries, but also the leap into electronic typesetting, remaining essentially unchanged. It was popularised in the 1960s with the release of Letraset sheets containing Lorem Ipsum passages, and more recently with desktop publishing software like Aldus PageMaker including versions of Lorem Ipsum."
56,INCT para o Controle Biorracional de Inseto Pragas e Fitopatógenos,Ciências Exatas e da Terra,Maria Fatima das Gracas Fernandes da Silva,82,gexf_fixed/INCT_82_T2_fixed.gexf,"O INCT INCT para o Controle Biorracional de Inseto Pragas e Fitopatógenos Lorem Ipsum is simply dummy text of the printing and typesetting industry. Lorem Ipsum has been the industry's standard dummy text ever since the 1500s, when an unknown printer took a galley of type and scrambled it to make a type specimen book. It has survived not only five centuries, but also the leap into electronic typesetting, remaining essentially unchanged. It was popularised in the 1960s with the release of Letraset sheets containing Lorem Ipsum passages, and more recently with desktop publishing software like Aldus PageMaker including versions of Lorem Ipsum."
90,INCT para Sistemas Autônomos Cooperativos Aplicados em Segurança e Meio Ambiente,"Engenharias, Energias e Tecnologias da Informação",Marco Henrique Terra,83,gexf_fixed/INCT_83_T2_fixed.gexf,"O INCT INCT para Sistemas Autônomos Cooperativos Aplicados em Segurança e Meio Ambiente Lorem Ipsum is simply dummy text of the printing and typesetting industry. Lorem Ipsum has been the industry's standard dummy text ever since the 1500s, when an unknown printer took a galley of type and scrambled it to make a type specimen book. It has survived not only five centuries, but also the leap into electronic typesetting, remaining essentially unchanged. It was popularised in the 1960s with the release of Letraset sheets containing Lorem Ipsum passages, and more recently with desktop publishing software like Aldus PageMaker including versions of Lorem Ipsum."
83,INCT Processamento e Aplicação de Ìmãs de Terras Raras para Indústria de Alta Tecnologia (INCT-PATRIA),"Engenharias, Energias e Tecnologias da Informação",Fernando Jose Gomes Landgraf,84,gexf_fixed/INCT_84_T2_fixed.gexf,"O INCT INCT Processamento e Aplicação de Ìmãs de Terras Raras para Indústria de Alta Tecnologia (INCT-PATRIA) Lorem Ipsum is simply dummy text of the printing and typesetting industry. Lorem Ipsum has been the industry's standard dummy text ever since the 1500s, when an unknown printer took a galley of type and scrambled it to make a type specimen book. It has survived not only five centuries, but also the leap into electronic typesetting, remaining essentially unchanged. It was popularised in the 1960s with the release of Letraset sheets containing Lorem Ipsum passages, and more recently with desktop publishing software like Aldus PageMaker including versions of Lorem Ipsum."
5,INCT Rede Norte Nordeste de Fitoprodutos (INCT-Rennofito),Saúde,Marcelo Sobral da Silva,85,gexf_fixed/INCT_85_T2_fixed.gexf,"O INCT INCT Rede Norte Nordeste de Fitoprodutos (INCT-Rennofito) Lorem Ipsum is simply dummy text of the printing and typesetting industry. Lorem Ipsum has been the industry's standard dummy text ever since the 1500s, when an unknown printer took a galley of type and scrambled it to make a type specimen book. It has survived not only five centuries, but also the leap into electronic typesetting, remaining essentially unchanged. It was popularised in the 1960s with the release of Letraset sheets containing Lorem Ipsum passages, and more recently with desktop publishing software like Aldus PageMaker including versions of Lorem Ipsum."
71,"INCT sobre Comportamento, Cognição e Ensino: Aprendizagem Relacional e Funcionamento Simbólico  (INCT-ECCE)","Ciências Humanas, Sociais Aplicadas e Educação",Deisy das Graças de Souza,86,gexf_fixed/INCT_86_T2_fixed.gexf,"O INCT INCT sobre Comportamento, Cognição e Ensino: Aprendizagem Relacional e Funcionamento Simbólico  (INCT-ECCE) Lorem Ipsum is simply dummy text of the printing and typesetting industry. Lorem Ipsum has been the industry's standard dummy text ever since the 1500s, when an unknown printer took a galley of type and scrambled it to make a type specimen book. It has survived not only five centuries, but also the leap into electronic typesetting, remaining essentially unchanged. It was popularised in the 1960s with the release of Letraset sheets containing Lorem Ipsum passages, and more recently with desktop publishing software like Aldus PageMaker including versions of Lorem Ipsum."
95,INCT Tecnologia GNSS no suporte à Navegação Aérea,"Engenharias, Energias e Tecnologias da Informação",Joao Francisco Galera Monico,87,gexf_fixed/INCT_87_T2_fixed.gexf,"O INCT INCT Tecnologia GNSS no suporte à Navegação Aérea Lorem Ipsum is simply dummy text of the printing and typesetting industry. Lorem Ipsum has been the industry's standard dummy text ever since the 1500s, when an unknown printer took a galley of type and scrambled it to make a type specimen book. It has survived not only five centuries, but also the leap into electronic typesetting, remaining essentially unchanged. It was popularised in the 1960s with the release of Letraset sheets containing Lorem Ipsum passages, and more recently with desktop publishing software like Aldus PageMaker including versions of Lorem Ipsum."
47,INCT Tecnologias Ambientais Para a Valoração de Resíduos e Materiais Renováveis (INCT-MIDAS),Ciências Exatas e da Terra,Rochel Montero Lago,88,gexf_fixed/INCT_88_T2_fixed.gexf,"O INCT INCT Tecnologias Ambientais Para a Valoração de Resíduos e Materiais Renováveis (INCT-MIDAS) Lorem Ipsum is simply dummy text of the printing and typesetting industry. Lorem Ipsum has been the industry's standard dummy text ever since the 1500s, when an unknown printer took a galley of type and scrambled it to make a type specimen book. It has survived not only five centuries, but also the leap into electronic typesetting, remaining essentially unchanged. It was popularised in the 1960s with the release of Letraset sheets containing Lorem Ipsum passages, and more recently with desktop publishing software like Aldus PageMaker including versions of Lorem Ipsum."
87,INCT Tecnologias Ecoeficientes Avançadas em Produtos Cimenticios,"Engenharias, Energias e Tecnologias da Informação",Vanderley Moacyr John,89,gexf_fixed/INCT_89_T2_fixed.gexf,"O INCT INCT Tecnologias Ecoeficientes Avançadas em Produtos Cimenticios Lorem Ipsum is simply dummy text of the printing and typesetting industry. Lorem Ipsum has been the industry's standard dummy text ever since the 1500s, when an unknown printer took a galley of type and scrambled it to make a type specimen book. It has survived not only five centuries, but also the leap into electronic typesetting, remaining essentially unchanged. It was popularised in the 1960s with the release of Letraset sheets containing Lorem Ipsum passages, and more recently with desktop publishing software like Aldus PageMaker including versions of Lorem Ipsum."
19,INCT Translacional em Medicina,Ciências Biológicas,Jaime Eduardo Cecilio Hallak,90,gexf_fixed/INCT_90_T2_fixed.gexf,"O INCT INCT Translacional em Medicina Lorem Ipsum is simply dummy text of the printing and typesetting industry. Lorem Ipsum has been the industry's standard dummy text ever since the 1500s, when an unknown printer took a galley of type and scrambled it to make a type specimen book. It has survived not only five centuries, but also the leap into electronic typesetting, remaining essentially unchanged. It was popularised in the 1960s with the release of Letraset sheets containing Lorem Ipsum passages, and more recently with desktop publishing software like Aldus PageMaker including versions of Lorem Ipsum."
11,INCT Virtual da Flora e dos Fungos,Ciências Biológicas,Leonor Costa Maia,91,gexf_fixed/INCT_91_T2_fixed.gexf,"O INCT INCT Virtual da Flora e dos Fungos Lorem Ipsum is simply dummy text of the printing and typesetting industry. Lorem Ipsum has been the industry's standard dummy text ever since the 1500s, when an unknown printer took a galley of type and scrambled it to make a type specimen book. It has survived not only five centuries, but also the leap into electronic typesetting, remaining essentially unchanged. It was popularised in the 1960s with the release of Letraset sheets containing Lorem Ipsum passages, and more recently with desktop publishing software like Aldus PageMaker including versions of Lorem Ipsum."
45,INCT de Fármacos e Medicamentos,Ciências Exatas e da Terra,Lidia Moreira Lima,92,gexf_fixed/INCT_92_T2_fixed.gexf,"O INCT INCT de Fármacos e Medicamentos Lorem Ipsum is simply dummy text of the printing and typesetting industry. Lorem Ipsum has been the industry's standard dummy text ever since the 1500s, when an unknown printer took a galley of type and scrambled it to make a type specimen book. It has survived not only five centuries, but also the leap into electronic typesetting, remaining essentially unchanged. It was popularised in the 1960s with the release of Letraset sheets containing Lorem Ipsum passages, and more recently with desktop publishing software like Aldus PageMaker including versions of Lorem Ipsum."
48,INCT de Bioanalítica,Ciências Exatas e da Terra,Marco Aurélio Zezzi Arruda,93,gexf_fixed/INCT_93_T2_fixed.gexf,"O INCT INCT de Bioanalítica Lorem Ipsum is simply dummy text of the printing and typesetting industry. Lorem Ipsum has been the industry's standard dummy text ever since the 1500s, when an unknown printer took a galley of type and scrambled it to make a type specimen book. It has survived not only five centuries, but also the leap into electronic typesetting, remaining essentially unchanged. It was popularised in the 1960s with the release of Letraset sheets containing Lorem Ipsum passages, and more recently with desktop publishing software like Aldus PageMaker including versions of Lorem Ipsum."
14,INCT em Teranóstica e Nanobiotecnologia (INCT-TeraNano),Saúde,Carlos Ueira-Vieira,94,gexf_fixed/INCT_94_T2_fixed.gexf,"O INCT INCT em Teranóstica e Nanobiotecnologia (INCT-TeraNano) Lorem Ipsum is simply dummy text of the printing and typesetting industry. Lorem Ipsum has been the industry's standard dummy text ever since the 1500s, when an unknown printer took a galley of type and scrambled it to make a type specimen book. It has survived not only five centuries, but also the leap into electronic typesetting, remaining essentially unchanged. It was popularised in the 1960s with the release of Letraset sheets containing Lorem Ipsum passages, and more recently with desktop publishing software like Aldus PageMaker including versions of Lorem Ipsum."
30,INCT de Oncogenômica e Inovação Terapêutica,Saúde,Dirce Maria Carraro,95,gexf_fixed/INCT_95_T2_fixed.gexf,"O INCT INCT de Oncogenômica e Inovação Terapêutica Lorem Ipsum is simply dummy text of the printing and typesetting industry. Lorem Ipsum has been the industry's standard dummy text ever since the 1500s, when an unknown printer took a galley of type and scrambled it to make a type specimen book. It has survived not only five centuries, but also the leap into electronic typesetting, remaining essentially unchanged. It was popularised in the 1960s with the release of Letraset sheets containing Lorem Ipsum passages, and more recently with desktop publishing software like Aldus PageMaker including versions of Lorem Ipsum."
36,INCT de Energia Elétrica (INCT-INERGE),"Engenharias, Energias e Tecnologias da Informação",Moisés Vidal Ribeiro,96,gexf_fixed/INCT_96_T2_fixed.gexf,"O INCT INCT de Energia Elétrica (INCT-INERGE) Lorem Ipsum is simply dummy text of the printing and typesetting industry. Lorem Ipsum has been the industry's standard dummy text ever since the 1500s, when an unknown printer took a galley of type and scrambled it to make a type specimen book. It has survived not only five centuries, but also the leap into electronic typesetting, remaining essentially unchanged. It was popularised in the 1960s with the release of Letraset sheets containing Lorem Ipsum passages, and more recently with desktop publishing software like Aldus PageMaker including versions of Lorem Ipsum."
59,INCT Estações Sustentáveis de Tratamento de Esgoto  (INCT-ETEs sustentáveis),"Engenharias, Energias e Tecnologias da Informação",César Rossas Mota Filho,97,gexf_fixed/INCT_97_T2_fixed.gexf,"O INCT INCT Estações Sustentáveis de Tratamento de Esgoto  (INCT-ETEs sustentáveis) Lorem Ipsum is simply dummy text of the printing and typesetting industry. Lorem Ipsum has been the industry's standard dummy text ever since the 1500s, when an unknown printer took a galley of type and scrambled it to make a type specimen book. It has survived not only five centuries, but also the leap into electronic typesetting, remaining essentially unchanged. It was popularised in the 1960s with the release of Letraset sheets containing Lorem Ipsum passages, and more recently with desktop publishing software like Aldus PageMaker including versions of Lorem Ipsum."
44,INCT em Geração Distribuída de Energia Elétrica,"Engenharias, Energias e Tecnologias da Informação",Cassiano Rech,98,gexf_fixed/INCT_98_T2_fixed.gexf,"O INCT INCT em Geração Distribuída de Energia Elétrica Lorem Ipsum is simply dummy text of the printing and typesetting industry. Lorem Ipsum has been the industry's standard dummy text ever since the 1500s, when an unknown printer took a galley of type and scrambled it to make a type specimen book. It has survived not only five centuries, but also the leap into electronic typesetting, remaining essentially unchanged. It was popularised in the 1960s with the release of Letraset sheets containing Lorem Ipsum passages, and more recently with desktop publishing software like Aldus PageMaker including versions of Lorem Ipsum."
80,INCT de Catálise em Sistemas Moleculares e Nanoestruturados,Ciências Exatas e da Terra,Hugo Alejandro Gallardo Olmedo,99,gexf_fixed/INCT_99_T2_fixed.gexf,"O INCT INCT de Catálise em Sistemas Moleculares e Nanoestruturados Lorem Ipsum is simply dummy text of the printing and typesetting industry. Lorem Ipsum has been the industry's standard dummy text ever since the 1500s, when an unknown printer took a galley of type and scrambled it to make a type specimen book. It has survived not only five centuries, but also the leap into electronic typesetting, remaining essentially unchanged. It was popularised in the 1960s with the release of Letraset sheets containing Lorem Ipsum passages, and more recently with desktop publishing software like Aldus PageMaker including versions of Lorem Ipsum."
101,INCT em Refrigeração e Termofísica,"Engenharias, Energias e Tecnologias da Informação",Jader Riso Barbosa Júnior,100,gexf_fixed/INCT_100_T2_fixed.gexf,"O INCT INCT em Refrigeração e Termofísica Lorem Ipsum is simply dummy text of the printing and typesetting industry. Lorem Ipsum has been the industry's standard dummy text ever since the 1500s, when an unknown printer took a galley of type and scrambled it to make a type specimen book. It has survived not only five centuries, but also the leap into electronic typesetting, remaining essentially unchanged. It was popularised in the 1960s with the release of Letraset sheets containing Lorem Ipsum passages, and more recently with desktop publishing software like Aldus PageMaker including versions of Lorem Ipsum."
63,INCT em Tuberculose,Ciências Biológicas,Luiz Augusto Basso,101,gexf_fixed/INCT_101_T2_fixed.gexf,"O INCT INCT em Tuberculose Lorem Ipsum is simply dummy text of the printing and typesetting industry. Lorem Ipsum has been the industry's standard dummy text ever since the 1500s, when an unknown printer took a galley of type and scrambled it to make a type specimen book. It has survived not only five centuries, but also the leap into electronic typesetting, remaining essentially unchanged. It was popularised in the 1960s with the release of Letraset sheets containing Lorem Ipsum passages, and more recently with desktop publishing software like Aldus PageMaker including versions of Lorem Ipsum."
100,"INCT AS METRÓPOLES E O DIREITO À CIDADE: conhecimento, inovação e ação para o desenvolvimento urbano - Programa de Pesquisa da Rede Observatório das Metrópoles 2015-2020","Ciências Humanas, Sociais Aplicadas e Educação",Luiz Cesar de Queiroz Ribeiro,102,gexf_fixed/INCT_102_T2_fixed.gexf,"O INCT INCT AS METRÓPOLES E O DIREITO À CIDADE: conhecimento, inovação e ação para o desenvolvimento urbano - Programa de Pesquisa da Rede Observatório das Metrópoles 2015-2020 Lorem Ipsum is simply dummy text of the printing and typesetting industry. Lorem Ipsum has been the industry's standard dummy text ever since the 1500s, when an unknown printer took a galley of type and scrambled it to make a type specimen book. It has survived not only five centuries, but also the leap into electronic typesetting, remaining essentially unchanged. It was popularised in the 1960s with the release of Letraset sheets containing Lorem Ipsum passages, and more recently with desktop publishing software like Aldus PageMaker including versions of Lorem Ipsum."
74,"INCT em Áreas Úmidas II: Inovações em Pesquisa, Manejo e Políticas Públicas em Áreas Úmidas  (INCT-INAU II)",Ecologia e Meio Ambiente,Paulo Teixeira de Sousa Júnior,103,gexf_fixed/INCT_103_T2_fixed.gexf,"O INCT INCT em Áreas Úmidas II: Inovações em Pesquisa, Manejo e Políticas Públicas em Áreas Úmidas  (INCT-INAU II) Lorem Ipsum is simply dummy text of the printing and typesetting industry. Lorem Ipsum has been the industry's standard dummy text ever since the 1500s, when an unknown printer took a galley of type and scrambled it to make a type specimen book. It has survived not only five centuries, but also the leap into electronic typesetting, remaining essentially unchanged. It was popularised in the 1960s with the release of Letraset sheets containing Lorem Ipsum passages, and more recently with desktop publishing software like Aldus PageMaker including versions of Lorem Ipsum."
